Name;URL;Primary Language;Created At;Repository Age;Amount of stars;Total amount of release(s);Total Source LOC;Total Line LOC;Total Blank LOC;Total Comments LOC;CBO;DIT;WMC;LOC
CyC2018/CS-Notes;https://github.com/CyC2018/CS-Notes;Java;13/02/18 14:56:24;3;123340;0;112527;138688;20430;8602;nan;nan;nan;nan
Snailclimb/JavaGuide;https://github.com/Snailclimb/JavaGuide;Java;07/05/18 13:27:00;2;99459;0;137564;177891;31988;12775;nan;nan;nan;nan
iluwatar/java-design-patterns;https://github.com/iluwatar/java-design-patterns;Java;09/08/14 16:45:18;6;64686;0;265889;327323;50350;15554;3.0;1.0;2.0;12.0
MisterBooo/LeetCodeAnimation;https://github.com/MisterBooo/LeetCodeAnimation;Java;06/12/18 08:01:22;2;63136;0;278435;346933;55995;17016;1.0;1.0;6.0;26.0
elastic/elasticsearch;https://github.com/elastic/elasticsearch;Java;08/02/10 13:20:56;11;54061;42;2994249;3488784;466664;46050;4.0;1.0;4.0;20.0
spring-projects/spring-boot;https://github.com/spring-projects/spring-boot;Java;19/10/12 15:02:57;8;53955;87;3558855;4155055;567398;48633;4.0;1.0;2.0;11.0
doocs/advanced-java;https://github.com/doocs/advanced-java;Java;06/10/18 11:38:30;2;52700;0;3564532;4164905;570654;49588;nan;nan;nan;nan
kdn251/interviews;https://github.com/kdn251/interviews;Java;14/02/17 18:19:25;4;50531;0;3583839;4188842;575010;49910;1.0;1.0;5.0;20.0
macrozheng/mall;https://github.com/macrozheng/mall;Java;04/04/18 01:11:44;2;47194;1;3718829;4344103;593962;54849;3.0;1.0;11.0;33.5
ReactiveX/RxJava;https://github.com/ReactiveX/RxJava;Java;08/01/13 20:11:48;8;44334;215;4119862;4826243;674204;58743;1.0;1.0;1.0;5.0
spring-projects/spring-framework;https://github.com/spring-projects/spring-framework;Java;08/12/10 04:04:45;10;41845;202;5288218;6206516;884249;78434;3.0;1.0;3.0;12.0
google/guava;https://github.com/google/guava;Java;29/05/14 16:23:17;6;40581;31;6205824;7212327;971917;86519;2.0;1.0;2.0;9.0
square/okhttp;https://github.com/square/okhttp;Java;23/07/12 13:42:55;8;39583;0;6313042;7338033;988935;87706;3.0;1.0;3.0;16.0
square/retrofit;https://github.com/square/retrofit;Java;06/09/10 21:39:43;10;37702;27;6348599;7379221;994238;88159;3.0;1.0;1.0;6.0
TheAlgorithms/Java;https://github.com/TheAlgorithms/Java;Java;16/07/16 10:21:02;4;35971;0;6366361;7400011;997004;88436;1.0;1.0;7.0;26.0
apache/dubbo;https://github.com/apache/dubbo;Java;19/06/12 07:56:02;8;34824;28;6627216;7703802;1038925;90333;4.0;1.0;4.0;19.5
PhilJay/MPAndroidChart;https://github.com/PhilJay/MPAndroidChart;Java;25/04/14 14:29:47;6;32939;44;6679219;7765120;1048000;105937;5.0;1.0;5.0;25.0
bumptech/glide;https://github.com/bumptech/glide;Java;08/07/13 22:52:33;7;30848;36;6773866;7874318;1062079;107832;4.0;1.0;3.0;13.0
airbnb/lottie-android;https://github.com/airbnb/lottie-android;Java;06/10/16 22:42:42;4;30809;29;6826691;7932141;1066645;108464;4.0;1.0;5.0;19.0
kon9chunkit/GitHub-Chinese-Top-Charts;https://github.com/kon9chunkit/GitHub-Chinese-Top-Charts;Java;05/09/19 03:01:56;1;30629;0;6831077;7937012;1066927;108953;nan;nan;nan;nan
Blankj/AndroidUtilCode;https://github.com/Blankj/AndroidUtilCode;Java;30/07/16 18:18:32;4;28995;116;6905196;8021056;1076229;110290;2.0;1.0;3.0;14.0
zxing/zxing;https://github.com/zxing/zxing;Java;12/10/11 14:07:27;9;27346;27;7107727;8232774;1085079;111624;4.0;2.0;7.0;31.0
netty/netty;https://github.com/netty/netty;Java;09/11/10 09:22:21;10;26184;0;7535238;8721438;1145198;115296;4.0;1.0;3.0;14.0
crossoverJie/JCSprout;https://github.com/crossoverJie/JCSprout;Java;17/12/17 09:06:50;3;25885;0;7554307;8750612;1154232;116439;1.0;1.0;2.0;14.5
NationalSecurityAgency/ghidra;https://github.com/NationalSecurityAgency/ghidra;Java;01/03/19 03:27:48;2;25666;0;10246570;11865000;1523679;193465;5.0;1.0;6.0;30.0
JakeWharton/butterknife;https://github.com/JakeWharton/butterknife;Java;05/03/13 08:18:59;8;25651;0;10263789;11885190;1526403;193757;2.0;1.0;1.0;8.0
proxyee-down-org/proxyee-down;https://github.com/proxyee-down-org/proxyee-down;Java;25/10/17 10:07:27;3;25511;49;10272556;11894935;1527177;193969;4.0;1.0;6.0;36.5
geekxh/hello-algorithm;https://github.com/geekxh/hello-algorithm;Java;29/05/20 05:47:09;0;25469;0;10293295;11925378;1535425;195779;1.0;1.0;7.0;23.5
skylot/jadx;https://github.com/skylot/jadx;Java;18/03/13 17:08:21;7;25416;14;10407789;12058668;1553679;196937;3.0;1.0;2.0;18.0
eugenp/tutorials;https://github.com/eugenp/tutorials;Java;29/04/13 18:26:36;7;25150;0;12344969;14180796;1727358;217182;4.0;1.0;2.0;10.5
ityouknow/spring-boot-examples;https://github.com/ityouknow/spring-boot-examples;Java;05/11/16 05:32:33;4;25024;0;12361721;14200026;1729613;217960;4.0;1.0;2.0;7.0
alibaba/arthas;https://github.com/alibaba/arthas;Java;29/08/18 17:15:57;2;24972;33;12483215;14347293;1752988;220980;3.0;1.0;6.0;24.0
ctripcorp/apollo;https://github.com/ctripcorp/apollo;Java;04/03/16 10:24:23;5;24049;30;12586421;14473143;1773939;223758;4.0;1.0;4.0;17.0
alibaba/druid;https://github.com/alibaba/druid;Java;03/11/11 05:12:51;9;23473;41;13068731;15055511;1873360;224472;5.0;2.0;2.0;20.0
greenrobot/EventBus;https://github.com/greenrobot/EventBus;Java;16/07/12 16:55:40;8;23229;5;13077975;15066540;1874883;224814;3.0;1.0;2.0;10.0
alibaba/fastjson;https://github.com/alibaba/fastjson;Java;03/11/11 06:58:52;9;23130;81;13294638;15333484;1924941;225162;2.0;1.0;2.0;12.0
scwang90/SmartRefreshLayout;https://github.com/scwang90/SmartRefreshLayout;Java;02/06/17 09:52:50;3;22286;8;13329747;15373769;1929512;225816;3.0;1.0;1.0;8.0
CymChad/BaseRecyclerViewAdapterHelper;https://github.com/CymChad/BaseRecyclerViewAdapterHelper;Java;10/04/16 07:40:11;4;21611;191;13342645;15389327;1931826;226202;3.0;1.0;3.0;13.0
Netflix/Hystrix;https://github.com/Netflix/Hystrix;Java;19/11/12 20:14:46;8;21241;79;13414621;15473984;1944042;227223;2.0;1.0;2.0;8.0
xkcoding/spring-boot-demo;https://github.com/xkcoding/spring-boot-demo;Java;10/11/17 06:27:29;3;20901;0;13467792;15537146;1952650;229187;4.0;1.0;1.0;7.0
zhangdaiscott/jeecg-boot;https://github.com/zhangdaiscott/jeecg-boot;Java;26/11/18 10:40:00;2;20691;13;14154358;16259528;1986991;237091;4.0;1.0;3.0;17.0
lenve/vhr;https://github.com/lenve/vhr;Java;04/01/18 08:57:51;3;20556;0;14186976;16295175;1989531;238023;2.0;1.0;7.0;20.0
SeleniumHQ/selenium;https://github.com/SeleniumHQ/selenium;Java;14/01/13 21:40:56;8;20325;27;15296172;17591347;2133969;282911;4.0;1.0;3.0;17.0
signalapp/Signal-Android;https://github.com/signalapp/Signal-Android;Java;15/12/11 20:01:12;9;20042;0;15750684;18108003;2195773;284057;5.0;1.0;4.0;19.0
hollischuang/toBeTopJavaer;https://github.com/hollischuang/toBeTopJavaer;Java;25/10/18 09:54:54;2;19865;0;15762676;18127716;2202799;284781;nan;nan;nan;nan
qiurunze123/miaosha;https://github.com/qiurunze123/miaosha;Java;14/09/18 04:36:24;2;19481;0;16068019;18480244;2248247;297835;3.0;1.0;3.0;13.0
dbeaver/dbeaver;https://github.com/dbeaver/dbeaver;Java;21/10/15 08:26:28;5;19391;123;16691135;19209830;2353308;299570;5.0;1.0;4.0;19.0
ReactiveX/RxAndroid;https://github.com/ReactiveX/RxAndroid;Java;19/08/14 03:46:38;6;19340;18;16693861;19213381;2353879;299843;1.0;1.0;1.0;6.0
google/gson;https://github.com/google/gson;Java;19/03/15 18:21:20;5;19296;0;16731000;19255516;2358565;300399;2.0;1.0;1.0;7.0
alibaba/easyexcel;https://github.com/alibaba/easyexcel;Java;06/02/18 03:14:08;3;19116;1;16760840;19290182;2363049;300937;5.0;1.0;4.0;16.0
seata/seata;https://github.com/seata/seata;Java;28/12/18 08:37:22;2;18899;30;17012484;19566310;2384509;304657;6.0;1.0;7.0;25.0
wuyouzhuguli/SpringAll;https://github.com/wuyouzhuguli/SpringAll;Java;02/05/18 02:48:44;2;18781;0;17045087;19605524;2390444;305550;4.0;1.0;2.0;10.0
halo-dev/halo;https://github.com/halo-dev/halo;Java;21/03/18 12:56:52;2;18279;68;17097005;19666587;2399122;307107;5.0;1.0;3.0;13.0
apache/kafka;https://github.com/apache/kafka;Java;15/08/11 18:06:16;9;18253;0;17856273;20549446;2513770;320026;4.0;1.0;5.0;23.0
looly/hutool;https://github.com/looly/hutool;Java;13/04/14 07:23:51;6;18220;81;18043276;20760101;2536256;322883;3.0;1.0;5.0;23.0
libgdx/libgdx;https://github.com/libgdx/libgdx;Java;10/08/12 19:34:38;8;18139;7;19066461;22032830;2732779;380659;3.0;1.0;5.0;27.0
alibaba/canal;https://github.com/alibaba/canal;Java;13/01/13 10:59:52;8;18091;20;19189842;22172367;2748086;381768;4.0;1.0;6.0;26.0
alibaba/spring-cloud-alibaba;https://github.com/alibaba/spring-cloud-alibaba;Java;01/12/17 20:49:15;3;17899;18;19237935;22231826;2758784;382603;5.0;1.0;3.0;18.0
square/picasso;https://github.com/square/picasso;Java;14/05/13 15:07:47;7;17898;7;19251218;22247391;2760808;382959;3.5;1.0;3.0;12.0
xuxueli/xxl-job;https://github.com/xuxueli/xxl-job;Java;28/11/15 12:59:34;5;17580;30;19295411;22297977;2766583;384008;3.0;1.0;7.0;31.0
Baseflow/PhotoView;https://github.com/Baseflow/PhotoView;Java;17/07/12 16:39:00;8;17558;5;19298633;22302118;2767243;384281;3.0;1.0;3.0;14.0
google/ExoPlayer;https://github.com/google/ExoPlayer;Java;13/06/14 21:19:18;6;17390;8;19700667;22739431;2801231;391016;5.0;1.0;5.0;24.0
jenkinsci/jenkins;https://github.com/jenkinsci/jenkins;Java;22/11/10 21:21:23;10;17035;88;20214336;23417113;2866493;493955;4.0;2.0;3.0;15.0
didi/DoraemonKit;https://github.com/didi/DoraemonKit;Java;14/08/18 10:32:07;2;16935;3;20411544;23650410;2898693;498534;2.0;1.0;3.0;14.0
nostra13/Android-Universal-Image-Loader;https://github.com/nostra13/Android-Universal-Image-Loader;Java;27/11/11 18:48:23;9;16801;0;20425567;23666367;2900387;499209;3.0;1.0;5.0;28.5
alibaba/nacos;https://github.com/alibaba/nacos;Java;15/06/18 06:49:27;2;16660;35;20606909;23873625;2925277;501399;3.0;1.0;4.0;20.0
facebook/fresco;https://github.com/facebook/fresco;Java;02/03/15 09:58:04;6;16510;43;21404470;25115842;3364135;510492;5.0;1.0;4.0;18.0
bazelbuild/bazel;https://github.com/bazelbuild/bazel;Java;12/06/14 16:00:38;6;16347;97;23034292;26989282;3565498;558471;5.0;1.0;5.0;21.0
apache/skywalking;https://github.com/apache/skywalking;Java;07/11/15 03:30:36;5;16336;43;23361974;27381229;3611038;578150;4.0;1.0;3.0;13.0
redisson/redisson;https://github.com/redisson/redisson;Java;11/01/14 14:06:25;7;15917;91;23617932;27683046;3656201;579080;4.0;1.0;4.0;18.0
shuzheng/zheng;https://github.com/shuzheng/zheng;Java;04/10/16 10:07:06;4;15880;0;23845187;27935079;3679714;583246;3.0;1.0;5.0;16.0
CarGuo/GSYVideoPlayer;https://github.com/CarGuo/GSYVideoPlayer;Java;13/11/16 12:34:31;4;15848;22;23892572;27993120;3689204;584430;2.0;1.0;4.0;14.0
apache/flink;https://github.com/apache/flink;Java;07/06/14 07:00:10;6;15742;0;26353810;30911381;4088048;648839;5.0;1.0;4.0;17.0
Tencent/tinker;https://github.com/Tencent/tinker;Java;06/09/16 06:57:52;4;15686;37;26408884;30974393;4095498;649391;3.0;1.0;6.0;27.0
linlinjava/litemall;https://github.com/linlinjava/litemall;Java;22/03/18 16:42:30;2;15537;8;26621102;31212524;4119270;655117;3.0;1.0;10.0;37.0
alibaba/Sentinel;https://github.com/alibaba/Sentinel;Java;04/04/18 06:37:33;2;15533;17;26733443;31341261;4135091;656229;3.0;1.0;4.0;20.0
mybatis/mybatis-3;https://github.com/mybatis/mybatis-3;Java;14/02/13 19:03:32;8;15216;33;26871362;31499887;4155222;657945;2.0;1.0;4.0;16.0
forezp/SpringCloudLearning;https://github.com/forezp/SpringCloudLearning;Java;08/04/17 10:06:56;3;15087;0;26991552;31640139;4166893;666343;4.0;1.0;1.0;5.0
dianping/cat;https://github.com/dianping/cat;Java;05/12/12 02:31:48;8;15082;0;27721193;32471338;4258841;689711;4.0;1.0;6.0;27.0
elunez/eladmin;https://github.com/elunez/eladmin;Java;14/12/18 08:54:24;2;14764;6;27744340;32497403;4261471;690237;4.0;1.0;2.0;11.0
android10/Android-CleanArchitecture;https://github.com/android10/Android-CleanArchitecture;Java;19/08/14 14:09:26;6;14750;0;27750137;32504440;4262470;690488;4.0;1.0;3.0;13.0
oracle/graal;https://github.com/oracle/graal;Java;14/01/16 17:11:35;5;14731;32;29503011;34489131;4480381;714758;4.0;1.0;4.0;16.0
brettwooldridge/HikariCP;https://github.com/brettwooldridge/HikariCP;Java;08/10/13 05:43:03;7;14709;0;29522470;34512324;4483870;715117;3.0;1.0;5.0;26.0
winterbe/java8-tutorial;https://github.com/winterbe/java8-tutorial;Java;16/03/14 17:25:43;6;14487;0;29526476;34517775;4485101;715370;1.0;1.0;2.0;19.0
EnterpriseQualityCoding/FizzBuzzEnterpriseEdition;https://github.com/EnterpriseQualityCoding/FizzBuzzEnterpriseEdition;Java;24/11/12 00:14:41;8;14216;0;29529352;34521577;4485773;715634;2.0;1.0;2.0;9.0
openzipkin/zipkin;https://github.com/openzipkin/zipkin;Java;06/06/12 18:26:16;8;14116;62;29654768;34660773;4497391;718158;5.0;1.0;5.0;24.0
JeffLi1993/springboot-learning-example;https://github.com/JeffLi1993/springboot-learning-example;Java;06/02/17 07:02:25;4;14052;0;29664685;34673225;4499650;718464;3.0;1.0;2.0;8.0
lottie-react-native/lottie-react-native;https://github.com/lottie-react-native/lottie-react-native;Java;27/01/17 18:24:50;4;13923;0;29675718;34686784;4501484;718845;2.5;1.0;3.0;11.5
hdodenhof/CircleImageView;https://github.com/hdodenhof/CircleImageView;Java;17/01/14 16:44:46;7;13791;0;29677040;34688635;4501795;719078;5.0;2.0;2.0;12.0
apache/rocketmq;https://github.com/apache/rocketmq;Java;30/11/16 08:00:08;4;13736;1;29809434;34845803;4524800;720966;3.0;1.0;4.0;25.0
LMAX-Exchange/disruptor;https://github.com/LMAX-Exchange/disruptor;Java;21/09/12 13:42:24;8;13522;10;29832404;34872732;4528458;721432;3.0;1.0;3.0;14.0
lgvalle/Material-Animations;https://github.com/lgvalle/Material-Animations;Java;08/03/15 20:54:00;6;13520;0;29835271;34876529;4529160;721701;2.0;1.0;1.0;8.0
apache/shardingsphere;https://github.com/apache/shardingsphere;Java;18/01/16 12:49:26;5;13493;43;30222585;35332140;4585831;735635;4.0;1.0;2.0;11.0
TeamNewPipe/NewPipe;https://github.com/TeamNewPipe/NewPipe;Java;03/09/15 23:39:26;5;12942;97;30341192;35463723;4598236;736710;5.0;1.0;6.0;24.0
alibaba/ARouter;https://github.com/alibaba/ARouter;Java;14/12/16 01:27:49;4;12939;16;30349739;35474049;4599752;736998;2.0;1.0;2.0;10.0
dyc87112/SpringBoot-Learning;https://github.com/dyc87112/SpringBoot-Learning;Java;21/08/16 03:39:06;4;12876;0;30376354;35507789;4605704;739569;4.0;1.0;1.0;7.0
Tencent/QMUI_Android;https://github.com/Tencent/QMUI_Android;Java;21/04/17 10:03:18;3;12729;34;30460190;35604325;4618085;740144;3.0;1.0;2.0;11.0
orhanobut/logger;https://github.com/orhanobut/logger;Java;20/03/15 22:30:12;5;12703;16;30463111;35608161;4618784;740368;6.0;1.0;5.5;36.0
Bigkoo/Android-PickerView;https://github.com/Bigkoo/Android-PickerView;Java;28/12/14 01:46:38;6;12597;0;30475341;35622420;4620105;740709;2.0;1.0;1.0;7.0
Curzibn/Luban;https://github.com/Curzibn/Luban;Java;24/07/16 07:43:21;4;12371;6;30477686;35625511;4620586;740990;1.0;1.0;2.0;8.0
greenrobot/greenDAO;https://github.com/greenrobot/greenDAO;Java;22/10/11 16:15:14;9;12339;8;30505861;35659093;4625722;741911;4.0;1.0;4.0;25.0
facebook/stetho;https://github.com/facebook/stetho;Java;22/01/15 22:34:10;6;12166;12;30535472;35693627;4630335;742427;3.0;1.0;2.0;10.0
material-components/material-components-android;https://github.com/material-components/material-components-android;Java;05/12/16 16:11:29;4;12068;34;30709934;35893557;4654835;745801;4.0;1.0;3.0;13.0
daimajia/AndroidSwipeLayout;https://github.com/daimajia/AndroidSwipeLayout;Java;25/08/14 04:09:33;6;12007;18;30714272;35898948;4655611;746100;2.0;1.0;1.0;6.0
eclipse/deeplearning4j;https://github.com/eclipse/deeplearning4j;Java;27/11/13 02:03:28;7;11983;0;32391610;37862966;4903234;900050;7.0;2.0;8.0;26.0
Konloch/bytecode-viewer;https://github.com/Konloch/bytecode-viewer;Java;14/10/14 10:26:46;6;11939;48;32425255;37901640;4908070;900359;2.0;1.0;4.0;12.0
eclipse-vertx/vert.x;https://github.com/eclipse-vertx/vert.x;Java;17/06/11 14:54:55;9;11904;0;32607192;38109121;4931203;905087;4.0;1.0;4.0;22.0
zhihu/Matisse;https://github.com/zhihu/Matisse;Java;13/04/17 01:31:05;3;11873;15;32615246;38118773;4932513;905431;5.0;1.0;4.5;20.0
prestodb/presto;https://github.com/prestodb/presto;Java;09/08/12 01:03:37;8;11768;0;33879867;39571332;5118528;929560;6.0;1.0;6.0;27.0
daimajia/AndroidViewAnimations;https://github.com/daimajia/AndroidViewAnimations;Java;23/06/14 03:53:13;6;11734;9;33883792;39576171;5119156;929856;2.0;2.0;1.0;5.0
medcl/elasticsearch-analysis-ik;https://github.com/medcl/elasticsearch-analysis-ik;Java;16/12/11 09:01:45;9;11665;127;34591944;40285382;5119962;930122;4.5;1.0;13.0;40.0
mockito/mockito;https://github.com/mockito/mockito;Java;13/10/12 20:27:12;8;11599;156;34680456;40390100;5135340;933457;2.0;1.0;2.0;8.0
arduino/Arduino;https://github.com/arduino/Arduino;Java;17/09/10 19:10:36;10;11515;31;34887048;40813595;5230019;1047255;2.0;1.0;4.0;18.0
iBotPeaches/Apktool;https://github.com/iBotPeaches/Apktool;Java;19/03/12 17:46:53;8;11482;13;34905010;40834850;5232983;1047642;4.0;2.0;5.0;27.0
android-hacker/VirtualXposed;https://github.com/android-hacker/VirtualXposed;Java;01/12/17 09:00:58;3;11406;49;34972403;40915125;5244613;1049066;2.0;2.0;1.0;8.0
apache/hadoop;https://github.com/apache/hadoop;Java;28/08/14 07:00:08;6;11399;0;39159814;45550370;5663390;1097709;4.0;1.0;4.0;21.0
pinpoint-apm/pinpoint;https://github.com/pinpoint-apm/pinpoint;Java;20/10/14 09:27:22;6;11241;46;39724821;46226335;5763633;1110670;4.0;1.0;3.0;18.0
JessYanCoding/AndroidAutoSize;https://github.com/JessYanCoding/AndroidAutoSize;Java;17/08/18 09:04:19;2;11233;14;39731418;46234136;5764488;1111204;4.0;1.0;4.0;15.0
Tencent/VasSonic;https://github.com/Tencent/VasSonic;Java;01/08/17 08:35:13;3;11220;10;39781031;46288542;5768549;1112185;2.0;1.0;3.0;19.0
jfeinstein10/SlidingMenu;https://github.com/jfeinstein10/SlidingMenu;Java;30/06/12 05:14:23;8;11193;0;39995393;46507011;5772458;1139773;3.0;1.0;3.0;13.0
google/tink;https://github.com/google/tink;Java;06/06/14 16:21:09;6;11150;18;40244982;46806804;5806868;1153771;5.0;1.0;4.0;25.0
androidannotations/androidannotations;https://github.com/androidannotations/androidannotations;Java;06/01/12 08:48:03;9;11123;0;40312582;46887356;5819209;1155042;4.0;1.0;3.0;11.0
realm/realm-java;https://github.com/realm/realm-java;Java;20/04/12 09:18:42;8;11113;0;40511234;47112918;5843833;1158517;3.0;1.0;1.0;9.0
youth5201314/banner;https://github.com/youth5201314/banner;Java;22/04/16 05:50:25;4;11001;0;40517174;47120125;5844847;1158787;5.0;2.0;4.0;20.0
justauth/JustAuth;https://github.com/justauth/JustAuth;Java;31/01/19 09:42:20;2;10933;39;40528056;47132954;5846427;1159243;2.0;1.0;4.0;14.0
alibaba/vlayout;https://github.com/alibaba/vlayout;Java;27/02/17 08:11:47;4;10700;34;40546617;47155732;5850210;1159814;3.0;1.0;3.0;13.0
apache/druid;https://github.com/apache/druid;Java;23/10/12 19:08:07;8;10653;43;41621542;48365450;5974958;1171236;5.0;1.0;4.0;21.0
baomidou/mybatis-plus;https://github.com/baomidou/mybatis-plus;Java;18/08/16 10:06:53;4;10646;20;41664312;48413994;5980248;1171932;4.0;1.0;2.0;11.0
Netflix/zuul;https://github.com/Netflix/zuul;Java;13/03/13 18:53:57;8;10614;4;41700263;48455982;5985398;1172255;4.0;1.0;4.0;21.0
android-async-http/android-async-http;https://github.com/android-async-http/android-async-http;Java;20/02/11 03:25:07;10;10607;3;41712781;48470911;5987577;1172553;4.0;1.0;6.0;25.0
Yalantis/uCrop;https://github.com/Yalantis/uCrop;Java;05/01/16 13:41:06;5;10545;12;41770536;48536744;5992318;1176279;3.0;1.0;4.0;13.0
permissions-dispatcher/PermissionsDispatcher;https://github.com/permissions-dispatcher/PermissionsDispatcher;Java;15/08/15 21:41:05;5;10501;40;41785285;48555294;5994687;1177660;0.0;1.0;3.0;11.0
GoogleContainerTools/jib;https://github.com/GoogleContainerTools/jib;Java;22/01/18 18:30:43;3;10371;111;41868558;48653536;6007875;1180314;4.0;1.0;5.0;26.0
lipangit/JiaoZiVideoPlayer;https://github.com/lipangit/JiaoZiVideoPlayer;Java;06/02/16 11:04:24;5;10337;78;41876678;48663205;6009200;1180541;6.0;2.0;7.0;30.0
Netflix/eureka;https://github.com/Netflix/eureka;Java;26/07/12 22:23:07;8;10264;138;41946677;48745083;6020678;1181485;4.0;1.0;4.0;18.0
jeasonlzy/okhttp-OkGo;https://github.com/jeasonlzy/okhttp-OkGo;Java;15/01/16 10:35:24;5;10259;14;41970299;48772412;6024020;1181879;5.0;1.0;3.0;14.0
H07000223/FlycoTabLayout;https://github.com/H07000223/FlycoTabLayout;Java;09/11/15 01:53:19;5;10228;4;41975012;48778287;6024925;1182153;3.0;1.0;4.0;16.0
JakeWharton/ViewPagerIndicator;https://github.com/JakeWharton/ViewPagerIndicator;Java;04/08/11 17:13:44;9;10214;0;41980392;48784907;6025965;1182384;5.5;3.0;1.5;13.0
pagehelper/Mybatis-PageHelper;https://github.com/pagehelper/Mybatis-PageHelper;Java;09/06/14 15:32:30;6;10157;7;41999218;48806655;6028404;1182976;6.0;1.0;2.5;26.0
Tencent/APIJSON;https://github.com/Tencent/APIJSON;Java;21/11/16 12:03:29;4;10142;75;42013611;48824441;6031386;1183536;2.0;1.0;10.0;19.0
lingochamp/FileDownloader;https://github.com/lingochamp/FileDownloader;Java;22/12/15 11:17:16;5;10097;65;42038182;48854780;6036398;1185028;2.0;1.0;5.0;18.0
tbruyelle/RxPermissions;https://github.com/tbruyelle/RxPermissions;Java;29/09/15 13:55:09;5;10079;11;42040384;48857709;6036884;1185280;2.0;1.0;2.0;10.0
rzwitserloot/lombok;https://github.com/rzwitserloot/lombok;Java;08/06/09 19:46:41;11;10070;3;42155899;48984786;6048036;1186947;2.0;1.0;2.0;10.0
google/guice;https://github.com/google/guice;Java;28/05/14 23:18:53;6;10033;14;42251611;49095090;6062215;1187548;3.0;1.0;1.0;6.0
LuckSiege/PictureSelector;https://github.com/LuckSiege/PictureSelector;Java;04/01/17 07:47:39;4;10025;91;42293036;49141862;6067252;1188069;3.0;1.0;5.0;19.5
JessYanCoding/MVPArms;https://github.com/JessYanCoding/MVPArms;Java;06/08/16 08:49:56;4;9985;25;42307104;49158492;6069441;1188569;5.0;1.0;5.0;19.0
sqshq/piggymetrics;https://github.com/sqshq/piggymetrics;Java;29/03/15 17:56:31;5;9842;2;42327737;49181253;6071107;1189225;5.0;1.0;2.0;11.0
java-decompiler/jd-gui;https://github.com/java-decompiler/jd-gui;Java;25/03/15 05:28:41;5;9751;18;42348910;49207288;6075615;1189616;3.0;1.0;3.0;17.0
YunaiV/SpringBoot-Labs;https://github.com/YunaiV/SpringBoot-Labs;Java;12/09/18 14:51:46;2;9745;0;42436631;49314918;6093630;1193888;4.0;1.0;1.0;8.0
Anuken/Mindustry;https://github.com/Anuken/Mindustry;Java;30/04/17 01:24:29;3;9738;117;42572938;49473609;6113910;1194315;2.0;1.0;2.0;15.0
redis/jedis;https://github.com/redis/jedis;Java;11/06/10 13:04:43;10;9719;41;42619245;49530135;6123869;1194892;2.0;1.0;1.0;5.0
hyb1996/Auto.js;https://github.com/hyb1996/Auto.js;Java;27/01/17 01:01:16;4;9717;0;42719816;49647485;6140187;1197399;4.0;1.0;5.0;21.0
liaohuqiu/android-Ultra-Pull-To-Refresh;https://github.com/liaohuqiu/android-Ultra-Pull-To-Refresh;Java;13/11/14 03:13:10;6;9697;8;42728765;49658564;6141994;1197770;2.0;1.0;1.0;10.0
seaswalker/spring-analysis;https://github.com/seaswalker/spring-analysis;Java;09/09/16 07:46:32;4;9670;0;42782179;49715184;6144575;1198850;2.0;1.0;2.0;8.0
codecentric/spring-boot-admin;https://github.com/codecentric/spring-boot-admin;Java;25/07/14 11:39:13;6;9662;54;42887960;49828503;6151770;1199212;6.0;1.0;3.0;17.0
code4craft/webmagic;https://github.com/code4craft/webmagic;Java;23/04/13 12:57:36;7;9661;20;42907999;49852061;6155043;1199552;4.0;1.0;3.0;16.0
YoKeyword/Fragmentation;https://github.com/YoKeyword/Fragmentation;Java;23/02/16 08:54:55;5;9658;30;42921487;49868667;6157732;1199928;3.0;1.0;2.0;11.0
ksoichiro/Android-ObservableScrollView;https://github.com/ksoichiro/Android-ObservableScrollView;Java;08/11/14 14:45:20;6;9600;0;42945258;49897026;6161885;1200466;3.0;2.0;3.0;13.0
zhisheng17/flink-learning;https://github.com/zhisheng17/flink-learning;Java;01/01/19 07:38:28;2;9562;0;42968592;49925356;6166532;1200818;3.0;1.0;1.0;13.0
antlr/antlr4;https://github.com/antlr/antlr4;Java;04/02/10 01:36:28;11;9505;22;43248888;50258869;6208014;1214832;2.0;2.0;2.0;8.0
aosp-mirror/platform_frameworks_base;https://github.com/aosp-mirror/platform_frameworks_base;Java;21/10/08 18:20:37;12;9502;0;49017342;56827298;6971043;1322728;4.0;1.0;7.0;35.5
pockethub/PocketHub;https://github.com/pockethub/PocketHub;Java;08/09/11 16:52:50;9;9486;1;49058919;56874694;6976609;1323378;6.0;1.0;4.0;21.0
mission-peace/interview;https://github.com/mission-peace/interview;Java;20/07/14 21:27:31;6;9485;0;49095553;56917382;6981747;1324331;2.0;1.0;8.0;35.0
ben-manes/caffeine;https://github.com/ben-manes/caffeine;Java;13/12/14 08:45:11;6;9479;50;49176001;57009746;6992942;1325386;3.0;1.0;4.0;17.0
81813780/AVLoadingIndicatorView;https://github.com/81813780/AVLoadingIndicatorView;Java;24/10/15 20:18:33;5;9463;1;49179245;57014003;6993668;1325684;2.0;1.0;1.0;6.0
frank-lam/fullstack-tutorial;https://github.com/frank-lam/fullstack-tutorial;Java;13/04/18 01:50:10;2;9444;0;49230308;57089409;7014691;1331457;nan;nan;nan;nan
gyf-dev/ImmersionBar;https://github.com/gyf-dev/ImmersionBar;Java;19/04/17 05:10:09;3;9402;0;49246104;57107899;7016996;1331898;5.0;2.0;3.0;19.0
daniulive/SmarterStreaming;https://github.com/daniulive/SmarterStreaming;Java;26/03/16 14:46:02;4;9350;0;49285265;57155124;7024366;1332660;2.0;1.0;3.0;11.0
williamfiset/Algorithms;https://github.com/williamfiset/Algorithms;Java;18/03/17 02:50:46;3;9289;0;49328827;57209846;7035249;1333121;2.0;1.0;11.0;47.0
wasabeef/glide-transformations;https://github.com/wasabeef/glide-transformations;Java;09/01/15 10:33:29;6;9237;0;49332156;57214196;7036010;1333416;5.0;2.0;6.0;27.0
umano/AndroidSlidingUpPanel;https://github.com/umano/AndroidSlidingUpPanel;Java;31/05/13 18:33:53;7;9222;8;49336204;57219102;7036650;1333703;2.0;1.0;2.0;8.0
apache/zookeeper;https://github.com/apache/zookeeper;Java;27/03/09 15:41:56;11;9206;0;49574939;57506076;7075567;1343353;3.0;1.0;5.0;27.0
janishar/mit-deep-learning-book-pdf;https://github.com/janishar/mit-deep-learning-book-pdf;Java;07/04/17 10:46:50;3;9162;3;49575259;57506662;7075654;1343537;0.0;1.0;0.0;2.0
heibaiying/BigData-Notes;https://github.com/heibaiying/BigData-Notes;Java;10/03/19 01:40:01;2;9141;0;49597706;57540793;7084966;1346030;5.0;1.0;4.0;21.0
google/auto;https://github.com/google/auto;Java;22/05/13 21:41:56;7;9135;40;49643964;57594133;7091071;1347191;3.0;1.0;2.0;8.0
navasmdc/MaterialDesignLibrary;https://github.com/navasmdc/MaterialDesignLibrary;Java;30/09/14 07:37:17;6;9133;3;49650596;57602437;7092441;1347619;3.0;1.0;2.0;13.5
perwendel/spark;https://github.com/perwendel/spark;Java;05/05/11 11:52:05;9;9010;0;49670021;57625771;7096112;1347968;3.0;1.0;4.0;20.0
react-native-camera/react-native-camera;https://github.com/react-native-camera/react-native-camera;Java;01/04/15 00:54:40;5;9003;123;49761421;57733065;7108430;1349414;2.0;1.0;3.0;13.5
googlesamples/easypermissions;https://github.com/googlesamples/easypermissions;Java;22/12/15 18:05:53;5;8979;12;49765388;57738149;7109301;1349707;8.0;1.0;6.0;28.0
nathanmarz/storm;https://github.com/nathanmarz/storm;Java;17/09/11 07:55:13;9;8957;0;49848540;57835499;7121988;1351960;3.0;1.0;4.0;18.0
bilibili/DanmakuFlameMaster;https://github.com/bilibili/DanmakuFlameMaster;Java;11/08/13 12:18:50;7;8896;5;49863304;57853045;7124471;1352283;3.0;1.0;5.0;20.0
clojure/clojure;https://github.com/clojure/clojure;Java;29/06/10 20:03:33;10;8825;0;49950392;57953632;7136641;1355035;0.0;1.0;1.0;4.0
chrisbanes/Android-PullToRefresh;https://github.com/chrisbanes/Android-PullToRefresh;Java;29/11/11 09:59:56;9;8810;0;49957560;57962441;7138015;1355356;4.5;2.0;3.0;17.5
MyCATApache/Mycat-Server;https://github.com/MyCATApache/Mycat-Server;Java;04/12/14 02:46:54;6;8766;7;50096754;58123959;7159879;1356018;3.0;1.0;6.0;33.0
square/javapoet;https://github.com/square/javapoet;Java;01/02/13 16:56:30;8;8750;0;50109322;58138519;7161661;1356256;2.0;1.0;3.0;17.0
paascloud/paascloud-master;https://github.com/paascloud/paascloud-master;Java;17/03/18 05:40:43;2;8745;0;50166394;58203688;7169475;1356959;4.0;1.0;2.0;11.0
neo4j/neo4j;https://github.com/neo4j/neo4j;Java;12/11/12 08:46:15;8;8707;72;51389979;59621196;7354158;1368731;4.0;1.0;4.0;19.0
koral--/android-gif-drawable;https://github.com/koral--/android-gif-drawable;Java;30/01/13 01:37:46;8;8704;55;51400192;59633489;7355768;1369425;4.0;1.0;5.0;20.0
chrisjenx/Calligraphy;https://github.com/chrisjenx/Calligraphy;Java;20/12/13 02:35:45;7;8612;4;51403126;59637275;7356326;1369749;5.0;1.0;3.0;16.0
jhy/jsoup;https://github.com/jhy/jsoup;Java;19/12/09 01:29:58;11;8609;2;51433995;59673764;7361758;1370240;3.0;1.0;6.0;26.0
laobie/StatusBarUtil;https://github.com/laobie/StatusBarUtil;Java;15/02/16 03:06:06;5;8576;0;51436913;59677462;7362265;1370529;3.0;1.0;2.0;11.0
lihengming/spring-boot-api-project-seed;https://github.com/lihengming/spring-boot-api-project-seed;Java;23/06/17 10:06:30;3;8570;4;51438205;59679182;7362499;1370725;4.0;1.0;3.0;12.0
hackware1993/MagicIndicator;https://github.com/hackware1993/MagicIndicator;Java;26/06/16 08:20:43;4;8514;12;51444201;59686638;7363664;1371035;4.0;1.0;4.0;21.0
grpc/grpc-java;https://github.com/grpc/grpc-java;Java;08/12/14 19:00:00;6;8489;84;51719276;59999850;7400147;1373965;3.0;1.0;2.0;12.0
apereo/cas;https://github.com/apereo/cas;Java;09/09/11 01:36:42;9;8472;182;52159808;60513596;7469524;1377908;8.0;1.0;2.0;13.0
pxb1988/dex2jar;https://github.com/pxb1988/dex2jar;Java;16/03/15 09:13:07;5;8454;4;52257567;60616962;7474850;1378292;3.0;1.0;4.0;20.0
roughike/BottomBar;https://github.com/roughike/BottomBar;Java;16/03/16 01:31:05;4;8448;4;52267956;60628804;7476015;1378614;2.0;1.0;1.0;6.0
alibaba/DataX;https://github.com/alibaba/DataX;Java;18/01/18 10:09:47;3;8425;0;52342036;60719194;7490832;1380039;3.0;1.0;4.0;25.0
keycloak/keycloak;https://github.com/keycloak/keycloak;Java;02/07/13 13:38:51;7;8423;5;54346032;62955970;7714917;1407141;4.0;1.0;5.0;23.0
Freelander/Android_Data;https://github.com/Freelander/Android_Data;Java;04/04/15 01:37:44;5;8370;0;54346870;62957171;7715075;1407373;2.0;1.0;21.0;58.0
careercup/CtCI-6th-Edition;https://github.com/careercup/CtCI-6th-Edition;Java;02/07/15 06:28:46;5;8341;0;64371522;72986438;7719507;1407563;2.0;1.0;7.0;28.0
lzyzsd/JsBridge;https://github.com/lzyzsd/JsBridge;Java;26/02/15 12:10:58;6;8335;0;64373529;72989147;7719936;1407842;1.5;1.0;2.0;6.5
didi/VirtualAPK;https://github.com/didi/VirtualAPK;Java;29/06/17 07:25:05;3;8321;4;64389611;73008752;7723092;1408260;3.0;1.0;3.0;17.0
zaproxy/zaproxy;https://github.com/zaproxy/zaproxy;Java;03/06/15 16:55:01;5;8297;201;64857477;73541083;7783994;1414752;3.0;1.0;5.0;24.0
thingsboard/thingsboard;https://github.com/thingsboard/thingsboard;Java;01/12/16 09:33:30;4;8260;41;65202197;73926393;7821372;1418294;4.0;1.0;3.0;11.0
florent37/MaterialViewPager;https://github.com/florent37/MaterialViewPager;Java;24/04/15 17:53:15;5;8223;11;65206566;73931868;7822185;1418605;3.0;1.0;3.0;16.0
macrozheng/mall-learning;https://github.com/macrozheng/mall-learning;Java;12/04/19 13:20:31;1;8215;0;65402982;74179749;7859983;1437908;3.0;1.0;7.0;22.0
GcsSloop/AndroidNote;https://github.com/GcsSloop/AndroidNote;Java;04/01/16 23:51:36;5;8152;0;65411553;74193323;7864116;1438809;1.0;1.0;6.5;28.5
junit-team/junit4;https://github.com/junit-team/junit4;Java;13/01/09 03:41:26;12;8086;13;65457737;74248108;7872247;1439708;3.0;1.0;2.0;8.0
openjdk/jdk;https://github.com/openjdk/jdk;Java;17/09/18 12:29:20;2;8070;0;79539542;90032011;9327961;2265325;1.0;1.0;1.0;7.0
Blankj/awesome-java-leetcode;https://github.com/Blankj/awesome-java-leetcode;Java;17/04/17 15:51:41;3;7988;0;79546611;90041495;9329876;2265845;2.0;1.0;7.0;24.0
OpenAPITools/openapi-generator;https://github.com/OpenAPITools/openapi-generator;Java;12/05/18 09:57:56;2;7956;38;82066484;93208179;9826012;2460457;5.0;1.0;6.0;22.0
OpenRefine/OpenRefine;https://github.com/OpenRefine/OpenRefine;Java;15/10/12 02:22:48;8;7948;26;82654940;93834342;9861555;2462905;5.0;1.0;5.0;22.0
android/testing-samples;https://github.com/android/testing-samples;Java;11/10/14 03:51:27;6;7919;0;82671557;93854927;9864413;2464178;6.0;1.0;3.0;19.0
Justson/AgentWeb;https://github.com/Justson/AgentWeb;Java;12/05/17 07:45:56;3;7904;11;82687294;93873680;9867098;2464582;3.0;1.0;3.0;12.0
alibaba/atlas;https://github.com/alibaba/atlas;Java;28/02/17 06:31:43;4;7902;7;83541548;94915530;9998409;2522742;4.0;1.0;5.0;22.0
DuGuQiuBai/Java;https://github.com/DuGuQiuBai/Java;Java;25/11/15 07:30:08;5;7902;0;83552035;94927080;9999265;2522954;1.0;1.0;2.0;11.0
dropwizard/dropwizard;https://github.com/dropwizard/dropwizard;Java;19/01/11 19:52:29;10;7901;104;83632053;95022807;10014258;2524298;5.0;1.0;3.0;14.0
HannahMitt/HomeMirror;https://github.com/HannahMitt/HomeMirror;Java;23/08/15 03:20:08;5;7893;0;83635754;95027439;10014946;2524548;2.0;1.0;2.0;11.5
stanfordnlp/CoreNLP;https://github.com/stanfordnlp/CoreNLP;Java;27/06/13 21:13:49;7;7858;2;85831299;97307560;10095896;2532495;4.0;1.0;5.0;26.0
TooTallNate/Java-WebSocket;https://github.com/TooTallNate/Java-WebSocket;Java;20/01/10 23:33:04;11;7824;12;85865948;97345630;10099078;2532887;2.0;1.0;4.0;19.0
ybq/Android-SpinKit;https://github.com/ybq/Android-SpinKit;Java;20/03/16 08:40:51;4;7782;0;85869433;97350116;10099813;2533171;5.0;2.0;3.0;11.0
facebook/buck;https://github.com/facebook/buck;Java;17/04/13 18:12:18;7;7780;56;87102914;98774222;10268921;2558734;5.0;1.0;4.0;17.0
cats-oss/android-gpuimage;https://github.com/cats-oss/android-gpuimage;Java;04/10/12 08:11:58;8;7771;0;87116123;98789484;10270659;2559127;2.0;2.0;4.0;16.0
Netflix/SimianArmy;https://github.com/Netflix/SimianArmy;Java;06/07/12 22:00:05;8;7742;4;87145893;98824067;10274930;2559709;4.0;1.0;6.0;26.0
amitshekhariitbhu/Android-Debug-Database;https://github.com/amitshekhariitbhu/Android-Debug-Database;Java;16/11/16 14:20:24;4;7735;12;87152840;98832694;10276244;2560101;4.0;1.0;4.0;11.0
ChrisRM/material-theme-jetbrains;https://github.com/ChrisRM/material-theme-jetbrains;Java;23/09/15 07:15:04;5;7719;17;87254536;98939849;10281068;2560874;3.0;2.0;3.0;12.0
asLody/VirtualApp;https://github.com/asLody/VirtualApp;Java;06/07/16 13:25:23;4;7627;0;87328236;99030084;10294907;2563760;2.0;2.0;2.0;8.0
trello/RxLifecycle;https://github.com/trello/RxLifecycle;Java;20/07/15 13:32:23;5;7606;22;87334232;99037674;10296227;2564088;6.0;1.0;4.0;25.5
JakeWharton/hugo;https://github.com/JakeWharton/hugo;Java;25/11/13 09:16:40;7;7581;0;87335729;99039690;10296546;2564299;7.0;1.0;8.0;59.0
Activiti/Activiti;https://github.com/Activiti/Activiti;Java;13/09/12 11:34:43;8;7559;24;87673796;99444954;10361915;2567483;5.0;1.0;4.0;19.0
firebase/quickstart-android;https://github.com/firebase/quickstart-android;Java;26/04/16 17:13:27;4;7553;0;87708725;99487325;10367936;2569113;3.0;1.0;2.0;12.0
guolindev/LitePal;https://github.com/guolindev/LitePal;Java;20/02/13 03:20:07;8;7551;0;87738724;99520753;10371071;2569620;3.0;1.0;3.0;17.0
crossoverJie/cim;https://github.com/crossoverJie/cim;Java;20/05/18 15:55:56;2;7518;7;87749113;99533800;10373438;2569925;3.0;1.0;3.0;15.0
hs-web/hsweb-framework;https://github.com/hs-web/hsweb-framework;Java;18/01/16 03:51:39;5;7510;20;87778113;99569325;10379620;2570364;4.0;1.0;2.0;11.0
kaushikgopal/RxJava-Android-Samples;https://github.com/kaushikgopal/RxJava-Android-Samples;Java;23/07/14 05:13:52;6;7453;0;87784469;99577277;10380951;2570676;3.0;1.0;3.0;13.5
apache/pulsar;https://github.com/apache/pulsar;Java;28/06/16 07:00:03;4;7449;45;88868846;100914588;10589064;2627808;4.0;1.0;3.0;15.0
huanghaibin-dev/CalendarView;https://github.com/huanghaibin-dev/CalendarView;Java;11/03/17 07:16:09;4;7445;0;88892397;100942363;10592965;2628143;4.0;1.0;7.0;28.5
termux/termux-app;https://github.com/termux/termux-app;Java;23/10/15 09:42:46;5;7364;79;88906343;100958680;10595002;2628577;3.0;1.0;7.0;38.0
shwenzhang/AndResGuard;https://github.com/shwenzhang/AndResGuard;Java;11/10/15 11:48:06;5;7350;4;88917118;100971559;10596703;2629022;2.0;1.0;8.0;40.0
google/agera;https://github.com/google/agera;Java;17/12/15 13:22:58;5;7306;16;88938327;100996046;10599734;2629514;4.0;1.0;3.0;13.0
dropwizard/metrics;https://github.com/dropwizard/metrics;Java;26/02/10 19:44:42;11;7292;54;88974835;101040077;10606675;2630629;4.0;1.0;4.0;20.0
jwtk/jjwt;https://github.com/jwtk/jjwt;Java;13/09/14 01:06:24;6;7280;0;89001249;101071859;10611607;2631497;3.0;1.0;2.0;8.0
square/dagger;https://github.com/square/dagger;Java;02/08/12 23:25:32;8;7266;0;89016753;101089587;10613626;2631793;3.0;1.0;1.0;5.0
aritraroy/UltimateAndroidReference;https://github.com/aritraroy/UltimateAndroidReference;Java;10/04/17 07:28:27;3;7262;0;89017791;101091088;10613867;2632060;1.0;1.0;6.0;22.0
cymcsg/UltimateRecyclerView;https://github.com/cymcsg/UltimateRecyclerView;Java;28/01/15 02:27:45;6;7211;9;89042195;101120185;10618281;2632423;3.0;1.0;3.0;13.0
Bearded-Hen/Android-Bootstrap;https://github.com/Bearded-Hen/Android-Bootstrap;Java;01/11/13 15:36:17;7;7206;5;89061040;101141235;10620249;2632703;3.0;1.0;4.0;23.0
quarkusio/quarkus;https://github.com/quarkusio/quarkus;Java;06/07/18 00:44:20;2;7205;107;89779800;101993599;10751156;2639198;3.0;1.0;2.0;11.0
JakeWharton/ActionBarSherlock;https://github.com/JakeWharton/ActionBarSherlock;Java;07/03/11 17:28:54;10;7182;32;89827988;102049444;10758451;2640130;4.0;1.0;3.0;18.0
airbnb/epoxy;https://github.com/airbnb/epoxy;Java;08/08/16 23:05:11;4;7177;60;89898273;102132229;10770250;2641732;4.0;2.0;2.0;9.0
pedant/sweet-alert-dialog;https://github.com/pedant/sweet-alert-dialog;Java;19/10/14 09:24:09;6;7141;2;89900698;102135274;10770663;2641968;1.5;1.0;5.5;23.0
lecho/hellocharts-android;https://github.com/lecho/hellocharts-android;Java;12/10/14 09:12:37;6;7138;14;89914386;102151896;10773321;2642348;4.0;1.0;4.0;41.0
square/moshi;https://github.com/square/moshi;Java;09/08/14 15:58:42;6;7117;0;89944043;102186493;10777330;2643412;3.0;1.0;2.0;11.0
geeeeeeeeek/WeChatLuckyMoney;https://github.com/geeeeeeeeek/WeChatLuckyMoney;Java;30/09/15 16:11:20;5;7109;20;89947040;102190192;10777776;2643687;3.0;1.0;4.0;21.0
crazycodeboy/TakePhoto;https://github.com/crazycodeboy/TakePhoto;Java;04/08/15 02:05:32;5;7105;15;89952407;102196948;10778745;2644129;2.0;1.0;7.0;28.0
facebook/litho;https://github.com/facebook/litho;Java;27/01/17 03:59:11;4;7069;46;91089123;103387101;10827396;2649769;5.0;1.0;2.0;11.0
MindorksOpenSource/android-interview-questions;https://github.com/MindorksOpenSource/android-interview-questions;Java;09/07/17 18:47:24;3;7011;0;91090478;103389211;10827929;2650007;0.0;1.0;1.0;5.0
vipshop/vjtools;https://github.com/vipshop/vjtools;Java;29/05/18 09:07:08;2;7002;9;91120493;103426373;10834627;2650609;2.0;1.0;4.0;26.0
koush/AndroidAsync;https://github.com/koush/AndroidAsync;Java;24/08/12 07:27:04;8;6958;0;91141408;103450974;10838008;2651036;2.0;1.0;2.0;8.0
react-native-image-picker/react-native-image-picker;https://github.com/react-native-image-picker/react-native-image-picker;Java;08/06/15 20:25:31;5;6957;65;91157195;103470398;10840427;2651475;2.5;1.0;2.5;12.0
leolin310148/ShortcutBadger;https://github.com/leolin310148/ShortcutBadger;Java;15/11/13 12:51:52;7;6950;0;91159634;103473568;10840949;2651688;5.0;1.0;2.0;16.0
hongyangAndroid/okhttputils;https://github.com/hongyangAndroid/okhttputils;Java;17/08/15 14:53:29;5;6865;0;91164170;103479315;10841860;2651999;2.5;1.0;3.0;12.0
ogaclejapan/SmartTabLayout;https://github.com/ogaclejapan/SmartTabLayout;Java;14/02/15 11:25:51;6;6864;0;91168779;103485189;10842815;2652368;4.0;1.0;4.0;27.0
apache/shardingsphere-elasticjob;https://github.com/apache/shardingsphere-elasticjob;Java;11/09/15 11:28:52;5;6854;25;91243677;103574916;10854965;2655693;4.0;1.0;3.0;14.0
google/tsunami-security-scanner;https://github.com/google/tsunami-security-scanner;Java;03/06/20 16:20:00;0;6851;3;91258176;103591858;10857086;2656050;5.0;1.0;3.0;13.0
OpenFeign/feign;https://github.com/OpenFeign/feign;Java;26/06/13 23:28:16;7;6771;14;91297441;103638714;10864158;2656859;3.0;1.0;2.0;10.0
hongyangAndroid/AndroidAutoLayout;https://github.com/hongyangAndroid/AndroidAutoLayout;Java;19/11/15 02:09:11;5;6722;0;91302932;103645712;10865348;2657205;5.0;2.0;5.5;27.0
google/android-classyshark;https://github.com/google/android-classyshark;Java;12/10/15 13:40:48;5;6719;17;91316263;103662037;10868087;2657488;2.0;1.0;4.0;16.5
swagger-api/swagger-core;https://github.com/swagger-api/swagger-core;Java;05/07/11 23:44:11;9;6704;63;91390431;103746224;10877576;2658050;3.0;1.0;1.0;8.0
davemorrissey/subsampling-scale-image-view;https://github.com/davemorrissey/subsampling-scale-image-view;Java;26/08/13 16:45:25;7;6677;21;91408439;103765493;10878602;2658392;3.5;1.0;3.0;14.5
Qihoo360/RePlugin;https://github.com/Qihoo360/RePlugin;Java;08/06/17 09:39:09;3;6660;17;91465294;103832339;10887332;2659982;3.0;1.0;5.0;21.5
gedoor/MyBookshelf;https://github.com/gedoor/MyBookshelf;Java;12/06/18 03:48:07;2;6645;160;91544893;103922836;10897919;2661032;4.0;1.0;5.0;18.5
resilience4j/resilience4j;https://github.com/resilience4j/resilience4j;Java;03/06/15 09:21:01;5;6620;28;91642423;104036671;10913963;2661655;5.0;1.0;4.0;23.0
kevin-wayne/algs4;https://github.com/kevin-wayne/algs4;Java;31/08/15 09:28:49;5;6524;0;91691796;104091873;10919596;2662005;4.0;1.0;18.0;58.0
DroidPluginTeam/DroidPlugin;https://github.com/DroidPluginTeam/DroidPlugin;Java;27/08/15 11:14:57;5;6521;2;91726877;104132875;10924943;2662606;2.0;3.0;1.0;5.0
apache/cassandra;https://github.com/apache/cassandra;Java;21/05/09 02:10:09;11;6497;0;92608587;105131396;11032877;2672339;5.0;1.0;5.0;22.0
yanzhenjie/AndPermission;https://github.com/yanzhenjie/AndPermission;Java;11/09/16 05:17:34;4;6486;0;92617300;105141716;11034283;2672555;3.0;1.0;3.0;13.0
alibaba/otter;https://github.com/alibaba/otter;Java;09/08/13 09:31:22;7;6478;10;92739196;105284817;11053930;2675100;3.0;1.0;4.0;21.0
dyc87112/SpringCloud-Learning;https://github.com/dyc87112/SpringCloud-Learning;Java;21/08/16 03:39:52;4;6474;0;92788262;105341153;11060850;2676157;5.0;1.0;2.0;13.0
naman14/Timber;https://github.com/naman14/Timber;Java;12/06/15 16:43:55;5;6473;5;92819050;105378048;11066716;2676503;3.0;1.0;2.0;14.0
barteksc/AndroidPdfViewer;https://github.com/barteksc/AndroidPdfViewer;Java;02/06/16 20:21:21;4;6447;0;92824651;105384976;11067786;2676827;1.0;1.0;2.0;10.0
java-native-access/jna;https://github.com/java-native-access/jna;Java;29/04/11 13:30:29;9;6403;0;93098480;105703296;11103143;2689019;3.0;2.0;2.0;11.0
newbee-ltd/newbee-mall;https://github.com/newbee-ltd/newbee-mall;Java;21/09/19 03:56:04;1;6392;0;93272497;105933327;11158438;2693298;2.0;1.0;10.0;30.0
eclipse/che;https://github.com/eclipse/che;Java;26/03/15 15:31:01;5;6387;26;93611954;106321085;11201750;2699423;3.0;1.0;3.0;11.0
zendesk/android-floating-action-button;https://github.com/zendesk/android-floating-action-button;Java;19/09/14 06:49:21;6;6325;0;93614284;106324183;11202273;2699687;3.0;1.0;2.0;8.0
abel533/Mapper;https://github.com/abel533/Mapper;Java;21/11/14 11:02:10;6;6321;2;93650604;106365744;11207107;2700215;4.0;1.0;3.0;16.0
NLPchina/elasticsearch-sql;https://github.com/NLPchina/elasticsearch-sql;Java;24/08/14 14:26:31;6;6285;154;93801536;106534721;11224070;2703367;5.0;1.0;11.0;48.0
seven332/EhViewer;https://github.com/seven332/EhViewer;Java;14/05/14 12:03:52;6;6284;97;93873086;106617017;11234576;2703958;4.0;1.0;6.0;25.0
koush/ion;https://github.com/koush/ion;Java;22/05/13 07:41:23;7;6237;0;93886747;106633065;11236654;2704320;3.0;1.0;2.0;11.0
goldze/MVVMHabit;https://github.com/goldze/MVVMHabit;Java;21/07/17 10:38:40;3;6234;2;93902065;106651232;11239136;2704743;2.0;1.0;2.0;8.0
apache/storm;https://github.com/apache/storm;Java;05/11/13 08:00:14;7;6209;0;94379691;107205467;11308887;2715388;3.0;1.0;5.0;24.0
Exrick/xmall;https://github.com/Exrick/xmall;Java;28/07/17 01:49:49;3;6170;0;94658301;107525710;11349275;2721348;3.0;1.0;12.0;48.0
Angel-ML/angel;https://github.com/Angel-ML/angel;Java;25/04/17 05:57:43;3;6161;18;96036063;108953399;11397163;2723443;5.0;1.0;8.0;34.0
vinc3m1/RoundedImageView;https://github.com/vinc3m1/RoundedImageView;Java;22/02/13 01:17:37;8;6144;19;96039001;108957084;11397675;2723692;9.0;2.0;3.0;35.0
ikew0ng/SwipeBackLayout;https://github.com/ikew0ng/SwipeBackLayout;Java;25/08/13 03:36:12;7;6098;0;96042466;108961340;11398259;2723993;3.0;1.0;8.0;25.0
GrenderG/Toasty;https://github.com/GrenderG/Toasty;Java;18/01/17 18:52:41;4;6092;18;96044107;108963574;11398590;2724276;3.0;1.0;1.0;5.5
rengwuxian/MaterialEditText;https://github.com/rengwuxian/MaterialEditText;Java;30/10/14 10:07:23;6;6086;19;96049534;108970145;11399499;2724553;2.0;1.0;4.0;16.0
macrozheng/mall-swarm;https://github.com/macrozheng/mall-swarm;Java;25/11/19 06:55:31;1;6066;1;96185030;109125838;11418459;2729435;3.0;1.0;11.0;29.5
rey5137/material;https://github.com/rey5137/material;Java;09/12/14 12:07:32;6;6065;10;96219117;109166642;11424918;2730322;3.0;1.0;4.0;15.0
google/physical-web;https://github.com/google/physical-web;Java;30/09/14 18:32:14;6;6054;17;96244106;109196171;11428626;2731225;3.0;1.0;3.0;14.5
pedrovgs/EffectiveAndroidUI;https://github.com/pedrovgs/EffectiveAndroidUI;Java;04/07/14 08:42:20;6;6045;0;96249521;109202705;11429504;2731480;3.0;1.0;3.0;11.0
uber/RIBs;https://github.com/uber/RIBs;Java;03/10/17 18:18:50;3;6035;3;96286318;109246280;11435800;2732007;3.0;1.0;2.0;8.0
gocd/gocd;https://github.com/gocd/gocd;Java;13/12/13 05:26:16;7;6006;67;97255862;110357826;11566761;2746417;5.0;1.0;4.0;20.0
markzhai/AndroidPerformanceMonitor;https://github.com/markzhai/AndroidPerformanceMonitor;Java;17/01/16 05:23:22;5;5968;0;97260711;110363851;11567619;2746753;3.0;1.0;4.0;19.5
guardianproject/haven;https://github.com/guardianproject/haven;Java;01/03/17 03:20:03;4;5964;36;97287333;110396321;11573136;2747629;4.0;1.0;5.0;24.0
antoniolg/androidmvp;https://github.com/antoniolg/androidmvp;Java;02/04/14 05:42:20;6;5942;0;97289067;110398647;11573471;2747901;2.0;1.0;4.0;16.0
Meituan-Dianping/walle;https://github.com/Meituan-Dianping/walle;Java;10/01/17 03:39:25;4;5921;1;97298989;110410177;11574767;2748277;2.0;1.0;4.0;21.0
singwhatiwanna/dynamic-load-apk;https://github.com/singwhatiwanna/dynamic-load-apk;Java;30/03/14 11:51:00;6;5908;0;97304791;110417531;11575857;2748768;3.0;1.0;2.0;13.0
daimajia/NumberProgressBar;https://github.com/daimajia/NumberProgressBar;Java;01/05/14 08:54:25;6;5889;3;97306317;110419701;11576225;2749078;0.5;1.0;1.0;7.5
zhoutaoo/SpringCloud;https://github.com/zhoutaoo/SpringCloud;Java;23/07/17 14:28:08;3;5884;0;97322296;110439024;11578678;2750698;5.0;1.0;1.0;8.0
wyouflf/xUtils3;https://github.com/wyouflf/xUtils3;Java;28/10/15 10:56:04;5;5879;9;97338012;110457885;11581548;2751026;3.0;1.0;6.5;23.0
lenve/VBlog;https://github.com/lenve/VBlog;Java;26/12/17 11:01:55;3;5874;0;97355724;110476461;11582144;2751359;4.0;1.0;5.0;16.0
google/closure-compiler;https://github.com/google/closure-compiler;Java;16/04/14 15:30:36;6;5870;0;98220460;111486466;11724239;2756513;5.0;1.0;6.0;22.5
checkstyle/checkstyle;https://github.com/checkstyle/checkstyle;Java;31/08/13 02:05:05;7;5867;100;98682478;111995584;11768513;2763190;0.0;1.0;1.0;5.0
aa112901/remusic;https://github.com/aa112901/remusic;Java;24/03/16 06:20:39;4;5851;0;98740276;112063128;11778002;2763816;3.0;1.0;3.0;17.0
smuyyh/BookReader;https://github.com/smuyyh/BookReader;Java;03/08/16 05:17:27;4;5845;0;98787451;112117485;11784903;2764267;2.0;1.0;2.0;13.0
KunMinX/Jetpack-MVVM-Best-Practice;https://github.com/KunMinX/Jetpack-MVVM-Best-Practice;Java;31/10/19 05:21:01;1;5839;0;98802561;112134944;11786992;2764574;3.0;1.0;3.0;14.0
NanoHttpd/nanohttpd;https://github.com/NanoHttpd/nanohttpd;Java;10/08/12 21:52:42;8;5832;3;98816359;112150961;11788960;2764980;3.0;1.0;4.0;21.0
signalapp/Signal-Server;https://github.com/signalapp/Signal-Server;Java;09/12/13 07:10:36;7;5813;0;98856144;112199146;11797180;2765245;3.0;1.0;3.5;17.0
NLPchina/ansj_seg;https://github.com/NLPchina/ansj_seg;Java;05/09/12 05:56:24;8;5811;3;100466442;113815869;11803398;2786617;4.0;1.0;5.0;28.0
wildfirechat/server;https://github.com/wildfirechat/server;Java;23/01/19 15:21:28;2;5807;33;100565702;113926067;11813768;2787202;4.0;1.0;6.0;24.0
springside/springside4;https://github.com/springside/springside4;Java;23/02/12 08:39:03;9;5800;3;100588754;113953451;11817867;2787574;2.0;1.0;4.0;23.0
processing/processing;https://github.com/processing/processing;Java;24/01/13 21:17:22;8;5777;48;100785117;114190768;11856950;2791516;2.0;1.0;3.0;14.0
google/j2objc;https://github.com/google/j2objc;Java;30/01/14 20:19:56;7;5755;38;103948955;117579412;12057234;2843915;1.0;1.0;4.0;17.0
flyway/flyway;https://github.com/flyway/flyway;Java;14/12/12 18:43:22;8;5744;88;103995499;117637221;12067823;2844623;5.0;1.0;5.0;18.5
JakeWharton/u2020;https://github.com/JakeWharton/u2020;Java;14/11/13 11:58:23;7;5730;0;104004371;117647748;12069274;2844883;4.0;1.0;3.0;13.0
spring-projects/spring-security;https://github.com/spring-projects/spring-security;Java;10/01/12 21:50:57;9;5723;57;104533891;118254092;12135756;2859566;5.0;1.0;3.0;15.0
zouzg/mybatis-generator-gui;https://github.com/zouzg/mybatis-generator-gui;Java;08/05/16 22:39:39;4;5709;16;104538612;118259726;12136483;2859770;5.0;1.0;7.0;40.0
json-path/JsonPath;https://github.com/json-path/JsonPath;Java;24/01/11 13:19:19;10;5707;6;104614056;118339632;12140664;2860064;3.0;1.0;4.0;16.0
k9mail/k-9;https://github.com/k9mail/k-9;Java;04/02/11 02:40:00;10;5704;95;104793801;118545460;12165650;2861627;3.0;1.0;4.0;18.0
TechEmpower/FrameworkBenchmarks;https://github.com/TechEmpower/FrameworkBenchmarks;Java;22/03/13 17:33:54;7;5697;15;105054728;118868708;12214452;2876013;4.0;1.0;2.0;12.0
Nightonke/BoomMenu;https://github.com/Nightonke/BoomMenu;Java;19/03/16 12:04:12;4;5691;0;105068044;118884207;12216294;2876444;4.0;1.0;4.0;17.0
AsyncHttpClient/async-http-client;https://github.com/AsyncHttpClient/async-http-client;Java;07/03/11 13:41:46;10;5688;0;105112860;118937982;12223968;2877866;4.0;1.0;4.0;21.0
ArthurHub/Android-Image-Cropper;https://github.com/ArthurHub/Android-Image-Cropper;Java;15/01/15 10:49:37;6;5677;32;105122186;118949064;12225460;2878185;4.0;1.0;4.5;21.0
Graylog2/graylog2-server;https://github.com/Graylog2/graylog2-server;Java;17/05/10 21:27:02;10;5653;28;105643046;119549489;12302133;2880028;6.0;1.0;4.0;15.0
Devlight/InfiniteCycleViewPager;https://github.com/Devlight/InfiniteCycleViewPager;Java;22/08/16 08:04:39;4;5652;2;105648760;119556389;12303067;2880301;3.0;2.0;2.0;12.0
weibocom/motan;https://github.com/weibocom/motan;Java;20/04/16 10:56:17;4;5649;16;105805149;119733235;12322310;2882682;4.0;1.0;4.0;21.0
nhaarman/ListViewAnimations;https://github.com/nhaarman/ListViewAnimations;Java;19/03/13 11:59:23;7;5647;14;105817945;119748809;12324640;2883230;5.0;2.0;3.0;17.0
prolificinteractive/material-calendarview;https://github.com/prolificinteractive/material-calendarview;Java;09/02/15 22:31:56;6;5642;22;105825892;119758597;12326187;2883635;4.0;1.0;3.0;15.0
daimajia/AndroidImageSlider;https://github.com/daimajia/AndroidImageSlider;Java;02/06/14 06:04:17;6;5638;5;105831960;119765952;12327186;2883966;2.0;1.0;3.0;11.0
SonarSource/sonarqube;https://github.com/SonarSource/sonarqube;Java;05/01/11 11:05:17;10;5607;7;106925903;121012590;12472543;2891709;5.0;1.0;4.0;22.0
zo0r/react-native-push-notification;https://github.com/zo0r/react-native-push-notification;Java;14/12/15 19:53:36;5;5592;26;106933633;121022206;12473938;2892311;4.0;1.0;3.0;16.5
ityouknow/spring-cloud-examples;https://github.com/ityouknow/spring-cloud-examples;Java;28/04/17 08:48:53;3;5573;0;106938860;121028712;12474996;2892551;4.0;1.0;1.0;5.0
amlcurran/ShowcaseView;https://github.com/amlcurran/ShowcaseView;Java;14/08/12 19:07:36;8;5555;13;106943792;121034839;12475910;2892881;5.0;1.0;3.0;17.0
react-native-video/react-native-video;https://github.com/react-native-video/react-native-video;Java;31/03/15 05:08:38;5;5553;5;107034962;121144853;12493583;2893904;3.0;1.0;3.0;16.5
JakeWharton/DiskLruCache;https://github.com/JakeWharton/DiskLruCache;Java;05/01/12 00:36:34;9;5548;0;107037929;121148470;12494036;2894118;2.5;1.0;11.0;43.0
emilsjolander/StickyListHeaders;https://github.com/emilsjolander/StickyListHeaders;Java;11/03/12 18:29:18;9;5512;16;107041986;121153585;12494824;2894404;3.0;1.0;3.0;10.0
google/error-prone;https://github.com/google/error-prone;Java;21/08/14 23:26:50;6;5507;9;107287976;121427320;12521561;2895236;4.0;1.0;2.0;11.0
dmytrodanylyk/circular-progress-button;https://github.com/dmytrodanylyk/circular-progress-button;Java;07/06/14 12:58:48;6;5495;0;107290336;121430503;12522100;2895549;2.0;1.0;3.0;13.0
hongyangAndroid/FlowLayout;https://github.com/hongyangAndroid/FlowLayout;Java;28/08/15 09:32:31;5;5490;0;107292959;121433820;12522541;2895814;3.0;1.0;1.0;7.0
lets-blade/blade;https://github.com/lets-blade/blade;Java;10/06/15 03:35:49;5;5481;9;107319182;121464924;12527080;2896271;3.0;1.0;4.0;19.0
facebookarchive/rebound;https://github.com/facebookarchive/rebound;Java;11/10/13 01:12:37;7;5467;10;107325992;121473104;12528182;2896565;2.0;1.0;3.0;13.0
sockeqwe/mosby;https://github.com/sockeqwe/mosby;Java;25/03/15 00:59:19;5;5461;15;107362027;121516849;12535105;2897600;3.0;1.0;3.0;12.0
alibaba/freeline;https://github.com/alibaba/freeline;Java;03/08/16 17:22:52;4;5433;22;107377091;121535916;12538171;2898609;2.0;1.0;3.0;16.0
sohutv/cachecloud;https://github.com/sohutv/cachecloud;Java;26/01/16 05:46:01;5;5429;4;107622598;121819514;12575501;2903804;2.0;1.0;3.0;11.0
real-logic/aeron;https://github.com/real-logic/aeron;Java;07/02/14 17:16:58;7;5413;72;107879877;122129881;12620195;2914051;4.0;1.0;6.0;37.0
wasabeef/richeditor-android;https://github.com/wasabeef/richeditor-android;Java;30/03/15 16:19:20;5;5413;0;107882971;122133796;12620768;2914330;2.0;1.0;1.0;5.0
knightliao/disconf;https://github.com/knightliao/disconf;Java;30/05/14 09:39:27;6;5407;12;107974593;122245481;12639852;2916863;3.0;1.0;4.0;18.0
joelittlejohn/jsonschema2pojo;https://github.com/joelittlejohn/jsonschema2pojo;Java;22/06/13 22:28:53;7;5403;57;108007391;122285777;12646844;2917748;5.0;1.0;5.0;28.0
jgilfelt/SystemBarTint;https://github.com/jgilfelt/SystemBarTint;Java;17/11/13 12:35:05;7;5397;3;108009504;122288584;12647278;2918021;7.0;2.0;4.0;41.0
li-xiaojun/XPopup;https://github.com/li-xiaojun/XPopup;Java;07/12/18 06:16:48;2;5391;118;108023431;122304582;12649074;2918319;3.0;1.0;2.0;11.0
yarolegovich/DiscreteScrollView;https://github.com/yarolegovich/DiscreteScrollView;Java;03/03/17 23:38:54;4;5385;2;108028689;122311268;12650255;2918603;2.0;1.0;2.0;11.0
evant/gradle-retrolambda;https://github.com/evant/gradle-retrolambda;Java;05/08/13 02:09:58;7;5384;37;108033113;122316763;12651064;2918874;3.0;1.0;2.0;13.0
jpush/aurora-imui;https://github.com/jpush/aurora-imui;Java;13/12/16 05:24:01;4;5383;42;108097514;122391317;12660007;2920458;2.5;1.0;3.0;13.0
evernote/android-job;https://github.com/evernote/android-job;Java;20/08/15 19:36:54;5;5379;31;108113801;122411049;12663168;2921009;4.0;1.0;4.0;19.0
sshahine/JFoenix;https://github.com/sshahine/JFoenix;Java;08/09/15 14:04:24;5;5378;0;108154032;122457483;12669092;2922060;4.0;1.0;3.0;21.0
dm77/barcodescanner;https://github.com/dm77/barcodescanner;Java;24/02/14 21:14:09;7;5362;6;108158751;122463240;12669900;2922336;2.0;1.0;2.0;10.0
k0shk0sh/FastHub;https://github.com/k0shk0sh/FastHub;Java;18/02/17 17:53:16;4;5346;63;108297246;122618316;12684260;2923918;6.0;1.0;4.0;14.0
yuanguangxin/LeetCode;https://github.com/yuanguangxin/LeetCode;Java;11/01/20 01:02:02;1;5346;0;108302019;122624519;12685281;2924332;1.0;1.0;5.0;20.0
febsteam/FEBS-Shiro;https://github.com/febsteam/FEBS-Shiro;Java;20/03/18 02:17:48;2;5342;0;108334215;122660706;12688972;2925346;4.5;1.0;3.0;13.5
liyifeng1994/ssm;https://github.com/liyifeng1994/ssm;Java;18/06/16 17:58:56;4;5326;0;108335545;122662485;12689242;2925536;2.0;1.0;3.0;16.0
facebook/facebook-android-sdk;https://github.com/facebook/facebook-android-sdk;Java;10/05/10 17:17:33;10;5324;35;108426345;122766857;12701839;2926563;3.0;1.0;3.0;14.0
ionic-team/capacitor;https://github.com/ionic-team/capacitor;Java;18/11/17 21:38:09;3;5304;49;108454358;122800669;12706713;2928018;3.0;1.0;7.5;33.0
lucasr/twoway-view;https://github.com/lucasr/twoway-view;Java;18/01/13 20:55:23;8;5279;0;108459379;122807033;12707857;2928258;4.0;1.0;6.0;30.0
apache/tomcat;https://github.com/apache/tomcat;Java;01/10/11 07:00:19;9;5245;0;109116578;123585088;12816276;2944183;3.0;1.0;5.0;23.0
XRecyclerView/XRecyclerView;https://github.com/XRecyclerView/XRecyclerView;Java;18/11/15 08:14:22;5;5241;0;109123356;123593206;12817364;2944455;2.0;1.0;2.0;9.0
rest-assured/rest-assured;https://github.com/rest-assured/rest-assured;Java;21/10/10 08:35:43;10;5235;0;109207305;123689156;12828770;2945701;5.0;1.0;3.0;12.0
react-native-svg/react-native-svg;https://github.com/react-native-svg/react-native-svg;Java;17/01/16 14:29:21;5;5228;73;109258057;123745695;12833823;2946620;4.0;2.0;6.0;23.0
rabbitmq/rabbitmq-tutorials;https://github.com/rabbitmq/rabbitmq-tutorials;Java;21/09/10 11:41:26;10;5222;0;109286724;123780809;12839155;2947750;5.0;1.0;3.0;25.0
yixia/VitamioBundle;https://github.com/yixia/VitamioBundle;Java;19/10/12 08:40:49;8;5219;0;109295702;123791247;12840368;2948078;3.0;1.0;4.0;21.0
square/otto;https://github.com/square/otto;Java;27/06/12 19:06:49;8;5214;0;109299888;123796387;12841126;2948327;1.0;1.0;1.0;8.0
lightbend/config;https://github.com/lightbend/config;Java;06/12/11 08:02:29;9;5213;0;109329240;123832277;12846097;2950671;3.0;1.0;5.0;17.0
commonsguy/cw-omnibus;https://github.com/commonsguy/cw-omnibus;Java;12/03/12 14:12:06;9;5204;36;109656203;124216235;12888492;2966730;3.0;1.0;3.0;17.0
robolectric/robolectric;https://github.com/robolectric/robolectric;Java;28/08/10 00:28:25;10;5203;71;109876842;124474273;12925404;2969009;4.0;1.0;3.0;14.0
apache/incubator-dolphinscheduler;https://github.com/apache/incubator-dolphinscheduler;Java;01/03/19 16:39:25;2;5201;15;110126686;124763857;12962094;2972681;4.0;1.0;5.0;28.0
haifengl/smile;https://github.com/haifengl/smile;Java;20/11/14 16:28:12;6;5189;22;118563916;133233414;12992477;3011856;5.0;1.0;9.0;39.0
mrniko/netty-socketio;https://github.com/mrniko/netty-socketio;Java;12/01/12 11:43:49;9;5188;3;118573807;133245362;12994321;3012097;3.0;1.0;4.0;15.0
amitshekhariitbhu/Fast-Android-Networking;https://github.com/amitshekhariitbhu/Fast-Android-Networking;Java;21/03/16 18:35:44;4;5187;8;118597352;133273729;12998762;3012502;2.0;1.0;2.0;11.0
apache/zeppelin;https://github.com/apache/zeppelin;Java;25/03/15 07:00:06;5;5176;0;118990141;133722725;13049158;3019678;3.0;1.0;5.0;29.0
Clans/FloatingActionButton;https://github.com/Clans/FloatingActionButton;Java;21/03/15 12:36:16;5;5171;14;118994652;133728311;13049970;3019978;2.0;1.0;2.0;10.0
ximsfei/Android-skin-support;https://github.com/ximsfei/Android-skin-support;Java;12/01/17 15:03:54;4;5162;0;119028976;133768770;13055545;3021034;5.0;1.0;6.0;25.0
Tencent/Shadow;https://github.com/Tencent/Shadow;Java;13/06/19 10:50:27;1;5156;1;119079553;133829566;13064330;3022522;3.0;1.0;2.0;11.5
cryptomator/cryptomator;https://github.com/cryptomator/cryptomator;Java;02/02/14 00:43:47;7;5153;102;119111278;133867886;13068877;3024699;7.0;1.0;4.0;23.0
scribejava/scribejava;https://github.com/scribejava/scribejava;Java;05/09/10 19:11:40;10;5148;4;119130108;133890717;13072677;3024977;3.0;1.0;2.0;17.0
hanks-zyh/HTextView;https://github.com/hanks-zyh/HTextView;Java;19/12/15 16:34:59;5;5131;0;119135515;133897780;13073885;3025446;2.0;1.0;3.0;12.0
thinkaurelius/titan;https://github.com/thinkaurelius/titan;Java;25/02/12 22:53:53;9;5129;0;119474416;134291541;13111503;3045453;4.0;1.0;4.0;14.0
Yalantis/Side-Menu.Android;https://github.com/Yalantis/Side-Menu.Android;Java;13/01/15 11:11:27;6;5115;2;119476056;134293776;13111853;3045708;2.0;1.0;3.0;8.5
google/grafika;https://github.com/google/grafika;Java;19/12/13 18:36:53;7;5098;1;119491259;134311360;13114036;3045942;5.0;2.0;9.0;60.0
motianhuo/wechat;https://github.com/motianhuo/wechat;Java;25/05/15 02:33:37;5;5093;0;119604439;134438579;13127804;3047353;3.0;1.0;3.0;20.0
MindorksOpenSource/from-java-to-kotlin;https://github.com/MindorksOpenSource/from-java-to-kotlin;Java;21/05/17 11:56:27;3;5066;0;119606886;134442137;13128586;3047664;0.5;1.0;7.0;18.5
h6ah4i/android-advancedrecyclerview;https://github.com/h6ah4i/android-advancedrecyclerview;Java;24/01/15 16:14:39;6;5066;1;119646281;134489628;13136192;3049000;4.0;2.0;4.0;17.0
apache/jmeter;https://github.com/apache/jmeter;Java;26/05/10 23:38:07;10;5053;0;120059450;134952716;13178874;3058316;4.0;2.0;7.0;34.0
springfox/springfox;https://github.com/springfox/springfox;Java;06/05/12 06:38:57;8;5049;12;120198930;135110368;13195012;3059933;3.0;1.0;4.0;16.0
frogermcs/InstaMaterial;https://github.com/frogermcs/InstaMaterial;Java;10/11/14 18:56:49;6;5037;1;120203671;135116213;13195875;3060199;2.0;1.0;1.0;7.0
xxv/android-lifecycle;https://github.com/xxv/android-lifecycle;Java;18/04/14 14:26:22;6;5029;0;120213633;135126592;13196112;3060494;7.5;2.0;20.0;104.0
wuhaoyu1990/MagicCamera;https://github.com/wuhaoyu1990/MagicCamera;Java;08/01/16 11:36:56;5;5007;0;120236950;135154267;13200039;3060966;3.0;1.0;4.0;25.0
Alluxio/alluxio;https://github.com/Alluxio/alluxio;Java;21/12/12 17:43:46;8;4997;42;120741125;135722476;13255324;3070597;5.0;1.0;6.0;29.0
CameraKit/camerakit-android;https://github.com/CameraKit/camerakit-android;Java;27/11/16 19:29:43;4;4997;17;120754169;135739825;13258225;3072302;2.0;1.0;2.0;10.0
apache/dubbo-spring-boot-project;https://github.com/apache/dubbo-spring-boot-project;Java;18/01/18 12:10:50;3;4991;13;120764460;135752789;13260490;3072737;5.0;1.0;2.0;11.0
gzu-liyujiang/AndroidPicker;https://github.com/gzu-liyujiang/AndroidPicker;Java;21/10/15 14:21:16;5;4991;28;120792158;135782443;13262183;3073073;2.0;1.0;2.0;8.0
KeepSafe/TapTargetView;https://github.com/KeepSafe/TapTargetView;Java;11/09/16 09:07:36;4;4989;22;120795416;135786541;13262790;3073332;2.0;1.0;3.0;15.0
yanzhenjie/SwipeRecyclerView;https://github.com/yanzhenjie/SwipeRecyclerView;Java;03/08/16 15:43:34;4;4988;0;120815161;135809862;13266136;3073633;3.0;1.0;3.0;18.0
alibaba/UltraViewPager;https://github.com/alibaba/UltraViewPager;Java;29/03/17 13:31:53;3;4987;10;120819828;135815682;13266921;3074026;2.0;1.0;3.5;13.5
Trinea/android-common;https://github.com/Trinea/android-common;Java;19/06/12 07:49:46;8;4981;1;120832925;135830608;13268491;3074882;3.0;1.0;7.0;22.0
changmingxie/tcc-transaction;https://github.com/changmingxie/tcc-transaction;Java;05/12/15 04:27:53;5;4971;0;120872713;135877211;13275072;3076631;3.0;1.0;4.0;14.0
wequick/Small;https://github.com/wequick/Small;Java;27/11/15 11:37:20;5;4962;25;120911000;135922026;13280373;3078577;2.0;1.0;1.0;6.0
bytedeco/javacv;https://github.com/bytedeco/javacv;Java;21/04/14 13:50:26;6;4944;6;120962827;135977939;13284212;3079084;4.0;1.0;9.0;47.0
traex/RippleEffect;https://github.com/traex/RippleEffect;Java;14/10/14 13:32:51;6;4942;0;120964719;135980442;13284563;3079357;2.0;1.0;1.0;5.0
Vedenin/useful-java-links;https://github.com/Vedenin/useful-java-links;Java;13/02/16 13:14:52;5;4924;0;120986161;136006049;13288117;3080495;2.0;1.0;2.0;15.0
careercup/ctci;https://github.com/careercup/ctci;Java;21/03/13 23:01:01;7;4912;0;121036308;136065189;13295708;3081806;2.0;1.0;7.0;28.0
