Name;URL;Primary Language;Created At;Repository Age;Amount of stars;Total amount of release(s);Total Source LOC;Total Line LOC;Total Blank LOC;Total Comments LOC;CBO;DIT;WMC;LOC
h6ah4i/android-advancedrecyclerview;https://github.com/h6ah4i/android-advancedrecyclerview;Java;24/01/2015 16:14;6;5066;1;39545;47794;7652;1443;4.0;2.0;4.0;17.0
apache/jmeter;https://github.com/apache/jmeter;Java;26/05/2010 23:38;10;5054;0;437811;493555;48996;9618;4.0;2.0;7.0;34.0
springfox/springfox;https://github.com/springfox/springfox;Java;06/05/2012 06:38;8;5050;12;569960;643249;64653;11336;3.0;1.0;4.0;16.0
frogermcs/InstaMaterial;https://github.com/frogermcs/InstaMaterial;Java;10/11/2014 18:56;6;5036;1;574848;649390;65558;11709;2.0;1.0;1.0;7.0
xxv/android-lifecycle;https://github.com/xxv/android-lifecycle;Java;18/04/2014 14:26;6;5032;0;584924;660025;65830;12111;7.5;2.0;20.0;104.0
wuhaoyu1990/MagicCamera;https://github.com/wuhaoyu1990/MagicCamera;Java;08/01/2016 11:36;5;5008;0;608824;688520;69883;12695;3.0;1.0;4.0;25.0
Alluxio/alluxio;https://github.com/Alluxio/alluxio;Java;21/12/2012 17:43;8;4998;42;1101535;1240264;121398;20919;5.0;1.0;6.0;29.0
CameraKit/camerakit-android;https://github.com/CameraKit/camerakit-android;Java;27/11/2016 19:29;4;4998;17;1114726;1257909;124341;22731;2.0;1.0;2.0;10.0
apache/dubbo-spring-boot-project;https://github.com/apache/dubbo-spring-boot-project;Java;18/01/2018 12:10;3;4992;13;1124559;1270374;126481;23247;5.0;1.0;2.0;12.5
gzu-liyujiang/AndroidPicker;https://github.com/gzu-liyujiang/AndroidPicker;Java;21/10/2015 14:21;5;4991;28;1125500;1271834;126686;23573;2.0;1.0;2.0;8.0
KeepSafe/TapTargetView;https://github.com/KeepSafe/TapTargetView;Java;11/09/2016 09:07;4;4990;22;1128905;1276228;127335;23939;2.0;1.0;3.0;15.0
yanzhenjie/SwipeRecyclerView;https://github.com/yanzhenjie/SwipeRecyclerView;Java;03/08/2016 15:43;4;4988;0;1140006;1289541;129228;24324;3.0;1.0;3.0;18.0
alibaba/UltraViewPager;https://github.com/alibaba/UltraViewPager;Java;29/03/2017 13:31;3;4987;10;1144136;1294822;129931;24786;2.0;1.0;3.5;13.5
Trinea/android-common;https://github.com/Trinea/android-common;Java;19/06/2012 07:49;8;4981;1;1157024;1309616;131489;25722;3.0;1.0;7.0;22.0
changmingxie/tcc-transaction;https://github.com/changmingxie/tcc-transaction;Java;05/12/2015 04:27;5;4973;0;1186446;1344194;136317;26761;3.0;1.0;4.0;14.0
wequick/Small;https://github.com/wequick/Small;Java;27/11/2015 11:37;5;4961;25;1223492;1386982;140904;28548;2.0;1.0;1.0;6.0
bytedeco/javacv;https://github.com/bytedeco/javacv;Java;21/04/2014 13:50;6;4946;6;1275470;1443195;144785;29162;4.0;1.0;9.0;47.0
traex/RippleEffect;https://github.com/traex/RippleEffect;Java;14/10/2014 13:32;6;4942;0;1277509;1445994;145178;29542;2.0;1.0;1.0;5.0
Vedenin/useful-java-links;https://github.com/Vedenin/useful-java-links;Java;13/02/2016 13:14;5;4924;0;1294615;1465838;147593;29887;2.0;1.0;2.0;15.0
wxiaoqi/Spring-Cloud-Platform;https://github.com/wxiaoqi/Spring-Cloud-Platform;Java;25/05/2017 10:35;3;4914;3;1852017;2166308;290290;30343;3.0;1.0;4.0;17.0
careercup/ctci;https://github.com/careercup/ctci;Java;21/03/2013 23:01;7;4913;0;1903306;2226829;298015;31761;2.0;1.0;7.0;28.0
Karumi/Dexter;https://github.com/Karumi/Dexter;Java;17/11/2015 13:14;5;4906;32;1908245;2233002;298921;32112;3.0;1.0;3.0;12.0
spring-projects/spring-mvc-showcase;https://github.com/spring-projects/spring-mvc-showcase;Java;03/06/2011 15:36;9;4903;0;1922155;2250049;301773;32504;5.0;1.0;4.0;18.0
amitshekhariitbhu/RxJava2-Android-Samples;https://github.com/amitshekhariitbhu/RxJava2-Android-Samples;Java;27/08/2016 08:21;4;4896;0;1927902;2257422;303041;32875;2.0;1.0;3.0;15.0
orhanobut/dialogplus;https://github.com/orhanobut/dialogplus;Java;12/12/2014 09:24;6;4878;9;1931892;2262561;303852;33227;3.0;1.0;2.0;8.0
spring-projects/spring-security-oauth;https://github.com/spring-projects/spring-security-oauth;Java;26/07/2011 18:08;9;4339;0;2007135;2350525;316092;33838;4.0;1.0;2.0;12.5
tomakehurst/wiremock;https://github.com/tomakehurst/wiremock;Java;09/10/2011 20:27;9;4332;1;2094849;2454774;331698;35837;4.0;1.0;3.0;13.0
MindorksOpenSource/android-mvp-architecture;https://github.com/MindorksOpenSource/android-mvp-architecture;Java;27/01/2017 08:39;4;4303;0;2105639;2468061;333844;36230;3.0;1.0;3.5;12.0
doocs/jvm;https://github.com/doocs/jvm;Java;23/06/2018 01:12;2;4294;0;2106188;2469025;333969;36525;nan;nan;nan;nan
alibaba/COLA;https://github.com/alibaba/COLA;Java;06/02/2018 13:46;3;4288;3;2119401;2485257;336089;37430;3.0;1.0;1.0;8.0
graphql-java/graphql-java;https://github.com/graphql-java/graphql-java;Java;06/07/2015 06:52;5;4810;34;2226961;2628592;358229;51591;6.0;1.0;5.0;25.0
wasabeef/Blurry;https://github.com/wasabeef/Blurry;Java;23/07/2015 14:12;5;4807;0;2229018;2631461;358672;51987;3.5;1.0;2.5;14.0
andkulikov/Transitions-Everywhere;https://github.com/andkulikov/Transitions-Everywhere;Java;15/10/2014 03:37;6;4802;23;2244554;2649117;360502;52594;5.0;1.0;3.0;13.0
etsy/AndroidStaggeredGrid;https://github.com/etsy/AndroidStaggeredGrid;Java;09/12/2013 19:43;7;4801;7;2250065;2656053;361604;52961;3.0;1.5;5.5;27.5
527515025/springBoot;https://github.com/527515025/springBoot;Java;07/11/2016 02:13;4;4797;0;2268700;2679874;365795;54292;4.0;1.0;3.0;13.0
Ramotion/folding-cell-android;https://github.com/Ramotion/folding-cell-android;Java;01/04/2016 11:38;4;4795;0;2271530;2683630;366333;54706;2.0;1.0;1.0;10.0
micronaut-projects/micronaut-core;https://github.com/micronaut-projects/micronaut-core;Java;07/03/2018 12:05;3;4792;71;2602163;3080463;419490;68492;4.0;1.0;3.0;13.0
kekingcn/kkFileView;https://github.com/kekingcn/kkFileView;Java;12/12/2017 11:41;3;4789;6;3034985;3636714;482568;162429;5.0;1.0;6.0;35.0
pentaho/pentaho-kettle;https://github.com/pentaho/pentaho-kettle;Java;08/10/2013 18:27;7;4785;1;4912393;5712471;664509;185056;4.0;1.0;5.0;28.0
gabrielemariotti/cardslib;https://github.com/gabrielemariotti/cardslib;Java;20/09/2013 21:57;7;4749;27;4986935;5802800;679800;186575;4.0;1.0;3.0;13.0
saiwu-bigkoo/Android-ConvenientBanner;https://github.com/saiwu-bigkoo/Android-ConvenientBanner;Java;23/12/2014 06:12;6;4733;0;4988423;5804892;680047;186953;3.0;1.0;3.0;15.0
pardom-zz/ActiveAndroid;https://github.com/pardom-zz/ActiveAndroid;Java;15/11/2012 18:10;8;4730;0;4994167;5812309;681368;187314;3.0;2.0;6.0;22.0
spring-projects/spring-petclinic;https://github.com/spring-projects/spring-petclinic;Java;09/01/2013 09:05;8;4725;0;5008550;5827895;682193;187711;5.0;1.0;3.0;12.5
google/cameraview;https://github.com/google/cameraview;Java;04/08/2016 05:22;4;4704;0;5013953;5834455;683023;188081;3.0;1.0;3.0;13.0
crazycodeboy/react-native-splash-screen;https://github.com/crazycodeboy/react-native-splash-screen;Java;14/09/2016 10:43;4;4700;11;5023123;5845672;684229;188503;2.5;1.0;3.0;12.5
rubensousa/GravitySnapHelper;https://github.com/rubensousa/GravitySnapHelper;Java;31/08/2016 07:25;4;4688;13;5026207;5849638;684762;188905;4.5;1.5;3.5;13.5
testcontainers/testcontainers-java;https://github.com/testcontainers/testcontainers-java;Java;12/04/2015 12:44;5;4680;49;5064478;5898898;693741;191220;5.0;1.0;3.0;16.0
square/sqlbrite;https://github.com/square/sqlbrite;Java;19/02/2015 04:38;6;4670;9;5070962;5906881;694837;191708;2.0;1.0;2.0;9.0
journeyapps/zxing-android-embedded;https://github.com/journeyapps/zxing-android-embedded;Java;28/11/2012 16:36;8;4662;6;5080263;5918333;696600;192210;4.0;1.0;6.0;27.0
languagetool-org/languagetool;https://github.com/languagetool-org/languagetool;Java;08/08/2013 16:37;7;4657;0;6221936;7096683;723424;216805;4.0;1.0;4.0;25.0
apache/beam;https://github.com/apache/beam;Java;02/02/2016 08:00;5;4650;11;7834931;8975684;909349;297359;6.0;1.0;3.0;17.0
h2pl/Java-Tutorial;https://github.com/h2pl/Java-Tutorial;Java;01/05/2018 15:57;2;4649;0;7835397;8976558;909470;297651;0.0;1.0;0.5;4.0
mcxiaoke/packer-ng-plugin;https://github.com/mcxiaoke/packer-ng-plugin;Java;24/11/2015 04:08;5;4633;1;7840320;8983095;910481;298262;2.0;1.0;6.0;29.0
mybatis/generator;https://github.com/mybatis/generator;Java;10/02/2013 11:14;8;4627;9;7964743;9129392;931348;299421;5.0;2.0;5.0;27.0
socketio/socket.io-client-java;https://github.com/socketio/socket.io-client-java;Java;28/04/2013 17:04;7;4620;2;7969814;9135925;932466;299804;1.0;1.0;1.0;7.0
DingMouRen/LayoutManagerGroup;https://github.com/DingMouRen/LayoutManagerGroup;Java;28/04/2018 11:47;2;4610;0;7971720;9138437;932717;300174;3.0;2.0;3.0;15.0
hongyangAndroid/baseAdapter;https://github.com/hongyangAndroid/baseAdapter;Java;03/08/2015 02:55;5;4606;0;7974730;9142442;933322;300572;3.0;1.0;3.0;12.0
JodaOrg/joda-time;https://github.com/JodaOrg/joda-time;Java;16/05/2011 16:49;9;4599;32;8117458;9308962;951467;307018;6.0;2.0;14.0;56.0
go-lang-plugin-org/go-lang-idea-plugin;https://github.com/go-lang-plugin-org/go-lang-idea-plugin;Java;29/08/2010 08:20;10;4587;21;8253467;9460508;966251;308488;6.0;2.0;5.0;18.0
chentao0707/SimplifyReader;https://github.com/chentao0707/SimplifyReader;Java;17/08/2015 08:22;5;4575;0;8254765;9462432;966497;308879;2.0;1.0;3.0;13.0
danielzeller/Depth-LIB-Android-;https://github.com/danielzeller/Depth-LIB-Android-;Java;27/04/2016 09:37;4;4571;0;8260370;9469596;967700;309266;2.0;1.0;2.0;6.0
intuit/karate;https://github.com/intuit/karate;Java;07/02/2017 15:59;4;4562;35;8330836;9553616;978901;312010;4.0;1.0;3.5;17.0
ZXZxin/ZXBlog;https://github.com/ZXZxin/ZXBlog;Java;02/02/2019 06:36;2;4561;0;8332345;9555788;979269;312310;1.0;1.0;1.0;8.0
danikula/AndroidVideoCache;https://github.com/danikula/AndroidVideoCache;Java;01/04/2015 11:25;5;4558;20;8337762;9562595;980334;312666;3.0;1.0;4.0;18.0
hibernate/hibernate-orm;https://github.com/hibernate/hibernate-orm;Java;04/10/2010 16:15;10;4552;16;9404682;10817959;1165176;319309;5.0;1.0;4.0;20.0
wdullaer/MaterialDateTimePicker;https://github.com/wdullaer/MaterialDateTimePicker;Java;03/01/2015 19:41;6;4537;54;9419280;10835366;1167582;319769;5.0;1.0;7.0;31.0
SplashCodes/JAViewer;https://github.com/SplashCodes/JAViewer;Java;21/05/2016 08:47;4;4536;10;9424864;10842399;1168697;320125;4.0;1.0;2.0;15.0
JakeWharton/NineOldAndroids;https://github.com/JakeWharton/NineOldAndroids;Java;08/12/2011 19:46;9;4522;0;9436995;10856282;1170142;320520;2.0;1.0;2.0;11.0
MinecraftForge/MinecraftForge;https://github.com/MinecraftForge/MinecraftForge;Java;30/01/2012 01:35;9;4512;0;9565825;11000019;1184196;321937;5.0;1.0;4.0;19.0
jdamcd/android-crop;https://github.com/jdamcd/android-crop;Java;13/03/2014 10:24;7;4491;6;9568833;11003988;1184839;322272;1.0;1.0;2.0;10.0
facebook/shimmer-android;https://github.com/facebook/shimmer-android;Java;27/02/2015 22:25;6;4488;5;9571218;11007077;1185220;322607;9.0;2.0;12.0;115.0
Flipboard/bottomsheet;https://github.com/Flipboard/bottomsheet;Java;23/04/2015 17:37;5;4484;10;9575596;11012569;1185974;323017;3.0;1.0;1.0;7.0
junit-team/junit5;https://github.com/junit-team/junit5;Java;11/01/2015 19:06;6;4482;49;9707870;11170269;1210625;325895;3.0;1.0;2.0;10.0
google/google-authenticator;https://github.com/google/google-authenticator;Java;08/10/2014 17:54;6;4470;0;9724707;11189063;1212171;327922;2.0;1.0;4.0;18.0
zhanghai/Douya;https://github.com/zhanghai/Douya;Java;01/02/2016 13:44;5;4460;11;9793684;11272081;1225841;328634;4.0;1.0;4.0;15.0
debezium/debezium;https://github.com/debezium/debezium;Java;22/01/2016 20:17;5;4458;0;10019758;11538328;1262232;334123;4.0;1.0;6.0;27.0
youlookwhat/CloudReader;https://github.com/youlookwhat/CloudReader;Java;20/11/2016 11:59;4;4458;23;10025344;11545351;1263317;334489;3.0;1.0;3.0;17.0
ffay/lanproxy;https://github.com/ffay/lanproxy;Java;20/11/2016 08:12;4;4444;1;10029686;11550819;1264134;334856;3.0;1.0;3.0;23.0
square/android-times-square;https://github.com/square/android-times-square;Java;30/01/2013 20:28;8;4431;0;10034281;11556539;1264944;335238;4.0;1.0;1.0;8.0
kyleduo/SwitchButton;https://github.com/kyleduo/SwitchButton;Java;09/09/2014 07:20;6;4427;0;10038022;11561209;1265516;335623;2.0;1.0;2.0;9.0
romandanylyk/PageIndicatorView;https://github.com/romandanylyk/PageIndicatorView;Java;20/08/2016 19:25;4;4423;14;10043351;11568297;1266885;336104;4.0;1.0;6.0;26.5
btraceio/btrace;https://github.com/btraceio/btrace;Java;28/08/2014 18:58;6;4414;26;10043780;11569116;1266992;336392;nan;nan;nan;nan
huangyanbin/smartTable;https://github.com/huangyanbin/smartTable;Java;08/11/2017 01:11;3;4408;44;10048651;11575265;1267933;336834;2.0;1.0;3.0;11.0
nisrulz/android-tips-tricks;https://github.com/nisrulz/android-tips-tricks;Java;25/08/2016 20:27;4;4394;0;10050097;11577617;1268393;337297;1.0;1.0;6.0;22.0
HotBitmapGG/bilibili-android-client;https://github.com/HotBitmapGG/bilibili-android-client;Java;01/06/2016 04:36;4;4381;1;10068734;11601163;1272958;337761;3.0;1.0;6.0;30.0
OpenTSDB/opentsdb;https://github.com/OpenTSDB/opentsdb;Java;27/08/2010 02:05;10;4378;25;10216649;11769939;1292485;339490;4.0;1.0;6.0;23.0
pili-engineering/PLDroidPlayer;https://github.com/pili-engineering/PLDroidPlayer;Java;02/06/2015 04:41;5;4377;37;10220037;11774245;1293058;339849;1.0;1.0;2.5;10.0
mcxiaoke/android-volley;https://github.com/mcxiaoke/android-volley;Java;21/05/2013 05:35;7;4373;0;10229263;11785330;1294566;340260;3.0;1.0;4.0;20.0
jgilfelt/chuck;https://github.com/jgilfelt/chuck;Java;07/02/2017 23:51;4;4366;5;10233524;11790618;1295260;340616;4.0;1.0;3.0;17.5
Meituan-Dianping/Leaf;https://github.com/Meituan-Dianping/Leaf;Java;11/12/2018 07:41;2;4351;0;10235234;11792968;1295588;340943;1.5;1.0;3.0;9.5
alibaba/dexposed;https://github.com/alibaba/dexposed;Java;30/06/2015 02:59;5;4347;0;10242690;11802138;1296776;341525;2.0;1.0;3.0;19.0
castorflex/SmoothProgressBar;https://github.com/castorflex/SmoothProgressBar;Java;27/11/2013 20:32;7;4342;9;10246442;11806995;1297551;341886;3.0;1.0;3.0;12.5
spring-projects/spring-security-oauth;https://github.com/spring-projects/spring-security-oauth;Java;26/07/2011 18:08;9;4339;0;10321685;11894959;1309791;342497;4.0;1.0;2.0;12.5
tomakehurst/wiremock;https://github.com/tomakehurst/wiremock;Java;09/10/2011 20:27;9;4332;1;10409399;11999208;1325397;344496;4.0;1.0;3.0;13.0
MindorksOpenSource/android-mvp-architecture;https://github.com/MindorksOpenSource/android-mvp-architecture;Java;27/01/2017 08:39;4;4303;0;10420189;12012495;1327543;344889;3.0;1.0;3.5;12.0
doocs/jvm;https://github.com/doocs/jvm;Java;23/06/2018 01:12;2;4294;0;10420738;12013459;1327668;345184;nan;nan;nan;nan
spring-cloud/spring-cloud-netflix;https://github.com/spring-cloud/spring-cloud-netflix;Java;11/07/2014 15:46;6;4288;2;10448701;12045357;1331136;345838;6.0;1.0;2.0;15.0
alibaba/COLA;https://github.com/alibaba/COLA;Java;06/02/2018 13:46;3;4288;3;10461914;12061589;1333256;346743;3.0;1.0;1.0;8.0
aporter/coursera-android;https://github.com/aporter/coursera-android;Java;05/01/2014 09:55;7;4286;0;10556994;12183067;1352429;356978;4.0;1.0;2.0;14.0
jOOQ/jOOQ;https://github.com/jOOQ/jOOQ;Java;17/04/2011 10:43;9;4278;0;12665148;14391103;1451867;373713;8.0;1.0;6.0;19.0
orientechnologies/orientdb;https://github.com/orientechnologies/orientdb;Java;09/12/2012 20:33;8;4274;163;13600410;15454243;1576676;375678;6.0;1.0;6.0;33.0
vavr-io/vavr;https://github.com/vavr-io/vavr;Java;30/01/2014 14:07;7;4272;16;13708948;15581251;1592709;379043;5.0;1.0;4.0;21.0
quartz-scheduler/quartz;https://github.com/quartz-scheduler/quartz;Java;07/03/2016 14:05;5;4269;2;13801961;15691740;1609307;380608;3.0;1.0;4.0;20.0
razerdp/BasePopup;https://github.com/razerdp/BasePopup;Java;15/01/2016 03:31;5;4263;14;13809399;15700466;1610222;381092;3.0;1.0;3.0;16.0
AriaLyy/Aria;https://github.com/AriaLyy/Aria;Java;19/02/2016 02:16;5;4256;26;13832936;15727064;1612799;381828;4.0;1.0;6.0;24.0
jankotek/mapdb;https://github.com/jankotek/mapdb;Java;17/08/2012 15:28;8;4252;0;13859006;15757871;1617120;382375;2.0;1.0;4.0;18.0
YunaiV/onemall;https://github.com/YunaiV/onemall;Java;02/05/2019 16:06;1;4251;0;13864997;15765808;1618769;382756;4.0;1.0;0.0;8.0
hazelcast/hazelcast;https://github.com/hazelcast/hazelcast;Java;21/03/2012 12:25;8;4245;43;15051440;17152873;1815185;391046;4.0;1.0;4.0;19.0
gephi/gephi;https://github.com/gephi/gephi;Java;22/10/2011 03:14;9;4234;12;15354408;17493212;1849528;393161;3.0;1.0;4.0;17.0
Ashok-Varma/BottomNavigation;https://github.com/Ashok-Varma/BottomNavigation;Java;19/03/2016 19:19;4;4232;16;15359670;17499877;1850529;393582;5.5;1.0;6.0;34.0
puniverse/quasar;https://github.com/puniverse/quasar;Java;27/03/2013 14:51;7;4224;18;15600827;17759357;1868069;398371;2.0;1.0;2.0;12.0
chillzhuang/SpringBlade;https://github.com/chillzhuang/SpringBlade;Java;30/01/2019 09:02;2;4221;0;15604805;17764292;1868696;398721;5.0;1.0;1.0;7.0
twowaits/SDE-Interview-Questions;https://github.com/twowaits/SDE-Interview-Questions;Java;25/10/2017 11:08;3;4213;1;15606839;17767245;1869290;399223;0.0;1.0;1.0;5.0
techGay/v9porn;https://github.com/techGay/v9porn;Java;12/04/2018 14:32;2;4204;8;15621173;17785127;1872432;399721;3.0;1.0;2.0;10.0
alibaba/jvm-sandbox;https://github.com/alibaba/jvm-sandbox;Java;03/08/2017 02:55;3;4199;12;15627007;17792807;1873861;400145;2.0;1.0;2.0;10.5
firebase/FirebaseUI-Android;https://github.com/firebase/FirebaseUI-Android;Java;09/07/2015 17:31;5;4195;61;15668275;17841419;1880552;402357;4.0;1.0;2.5;11.0
bingoogolapple/BGARefreshLayout-Android;https://github.com/bingoogolapple/BGARefreshLayout-Android;Java;28/05/2015 16:17;5;4176;4;15669879;17843635;1880846;402699;3.0;1.0;2.0;9.5
jeasonlzy/ImagePicker;https://github.com/jeasonlzy/ImagePicker;Java;27/01/2016 17:05;5;4168;5;15671763;17846188;1881163;403075;3.0;1.0;3.0;13.0
sofastack/sofa-boot;https://github.com/sofastack/sofa-boot;Java;02/04/2018 08:28;2;4162;43;15717387;17898370;1887294;403556;4.0;1.0;2.0;13.0
hustcc/JS-Sorting-Algorithm;https://github.com/hustcc/JS-Sorting-Algorithm;Java;19/01/2017 11:36;4;4155;0;15717844;17899233;1887407;403863;3.0;1.0;7.5;31.0
Tencent/GT;https://github.com/Tencent/GT;Java;13/01/2016 10:29;5;4153;3;15781809;17974420;1897449;406158;2.0;1.0;3.0;18.0
lingochamp/okdownload;https://github.com/lingochamp/okdownload;Java;17/12/2017 08:21;3;4143;8;15817276;18017255;1904218;406955;4.0;1.0;5.0;21.5
pedrovgs/AndroidWiFiADB;https://github.com/pedrovgs/AndroidWiFiADB;Java;18/10/2015 21:58;5;4122;8;15819918;18020771;1904777;407278;2.0;1.0;2.0;15.5
raphw/byte-buddy;https://github.com/raphw/byte-buddy;Java;25/11/2013 19:38;7;4118;214;16063876;18300014;1939419;408750;4.0;1.0;3.0;13.0
grantland/android-autofittextview;https://github.com/grantland/android-autofittextview;Java;14/02/2011 06:00;10;4116;1;16065936;18302817;1939823;409116;4.0;1.0;3.0;15.0
confluentinc/ksql;https://github.com/confluentinc/ksql;Java;27/09/2016 21:30;4;4115;8;16513315;18792430;1979191;412736;5.0;1.0;5.0;23.0
auth0/java-jwt;https://github.com/auth0/java-jwt;Java;07/03/2014 15:06;7;4095;23;16525518;18807640;1981744;413276;4.0;1.0;8.5;32.5
Jasonchenlijian/FastBle;https://github.com/Jasonchenlijian/FastBle;Java;23/08/2016 02:06;4;4086;8;16530769;18814268;1982771;413649;2.0;1.0;2.0;8.0
Netflix/conductor;https://github.com/Netflix/conductor;Java;07/12/2016 22:48;4;3250;239;241163;276981;21988;2275;6.0;1.0;4.0;27.0
mybatis/spring-boot-starter;https://github.com/mybatis/spring-boot-starter;Java;25/09/2015 13:05;5;3250;20;253479;292102;24107;3017;4.0;1.0;2.0;8.0
abel533/MyBatis-Spring-Boot;https://github.com/abel533/MyBatis-Spring-Boot;Java;19/12/2015 09:57;5;3249;0;257415;296633;24410;3326;4.5;1.0;4.5;19.5
WVector/AppUpdate;https://github.com/WVector/AppUpdate;Java;19/06/2017 09:38;3;3245;3;259380;299440;24858;3736;3.0;1.0;3.0;13.0
iammert/ScalingLayout;https://github.com/iammert/ScalingLayout;Java;01/10/2017 12:28;3;3243;4;261322;302233;25311;4149;2.0;1.0;2.0;10.0
bluelinelabs/LoganSquare;https://github.com/bluelinelabs/LoganSquare;Java;17/02/2015 03:24;6;3239;0;271952;315360;27440;4538;3.0;1.0;2.5;15.0
tangqi92/Android-Tips;https://github.com/tangqi92/Android-Tips;Java;10/09/2015 09:01;5;3236;0;272430;316257;27573;4829;0.0;1.0;4.0;21.0
sherxon/AlgoDS;https://github.com/sherxon/AlgoDS;Java;16/12/2016 17:01;4;3227;0;300301;348631;31770;6646;1.0;1.0;8.0;25.0
TeamAmaze/AmazeFileManager;https://github.com/TeamAmaze/AmazeFileManager;Java;14/07/2014 19:47;6;3226;50;382833;441953;42087;7386;4.0;1.0;4.0;20.0
GitLqr/LQRWeChat;https://github.com/GitLqr/LQRWeChat;Java;07/02/2017 06:32;4;3226;0;390124;451132;43627;7754;2.0;1.0;4.0;20.0
linyiqun/DataMiningAlgorithm;https://github.com/linyiqun/DataMiningAlgorithm;Java;11/01/2015 02:50;6;3225;0;426644;490571;46243;8406;2.0;1.0;9.0;35.5
rubensousa/PreviewSeekBar;https://github.com/rubensousa/PreviewSeekBar;Java;24/01/2017 23:52;4;3223;7;430470;495625;47039;8862;2.0;1.0;3.0;11.0
rovo89/XposedInstaller;https://github.com/rovo89/XposedInstaller;Java;02/04/2012 20:33;8;3222;0;444606;512346;49300;9266;2.0;1.0;2.0;10.0
bauerca/drag-sort-listview;https://github.com/bauerca/drag-sort-listview;Java;01/06/2012 06:32;8;3218;0;451937;521428;50643;9773;2.0;1.0;2.0;12.0
chrisbanes/ActionBar-PullToRefresh;https://github.com/chrisbanes/ActionBar-PullToRefresh;Java;04/06/2013 14:44;7;3214;0;459743;530995;52007;10200;5.0;2.0;3.0;27.0
oracle/opengrok;https://github.com/oracle/opengrok;Java;07/01/2013 11:49;8;3214;161;642881;743366;74647;20016;3.0;1.0;4.0;23.0
bilibili/boxing;https://github.com/bilibili/boxing;Java;22/01/2017 07:04;4;3213;1;653677;756239;76300;20520;4.0;1.0;5.0;17.0
code4craft/tiny-spring;https://github.com/code4craft/tiny-spring;Java;10/01/2014 16:37;7;3213;0;655443;758704;76716;20813;2.0;1.0;2.0;11.0
luojilab/DDComponentForAndroid;https://github.com/luojilab/DDComponentForAndroid;Java;07/09/2017 05:48;3;3213;4;658846;763470;77534;21370;2.0;1.0;3.0;12.0
googlemaps/android-maps-utils;https://github.com/googlemaps/android-maps-utils;Java;17/05/2013 00:08;7;3204;17;687193;796112;81198;22266;5.0;1.0;6.0;33.5
Exrick/xboot;https://github.com/Exrick/xboot;Java;23/04/2018 14:44;2;3200;5;689549;799328;81767;22568;6.0;1.0;2.0;11.0
querydsl/querydsl;https://github.com/querydsl/querydsl;Java;05/08/2011 06:46;9;3197;32;871566;1018523;118501;23196;3.0;1.0;2.0;12.0
hope-for/hope-boot;https://github.com/hope-for/hope-boot;Java;17/10/2018 07:50;2;3196;2;982853;1142826;130487;25708;4.0;1.0;3.0;13.0
tuguangquan/mybatis;https://github.com/tuguangquan/mybatis;Java;03/11/2014 04:51;6;3195;0;1045388;1215675;140369;26697;2.0;1.0;4.0;17.0
yangfuhai/afinal;https://github.com/yangfuhai/afinal;Java;17/10/2012 08:10;8;3195;0;1050108;1221142;140833;27108;2.0;1.0;6.5;25.0
ragunathjawahar/android-saripaar;https://github.com/ragunathjawahar/android-saripaar;Java;08/09/2012 11:52;8;3190;3;1063328;1236867;142984;27507;3.0;2.0;4.0;17.5
pengjianbo/GalleryFinal;https://github.com/pengjianbo/GalleryFinal;Java;21/09/2015 07:01;5;3181;4;1070057;1245277;144256;27950;3.0;1.0;4.0;17.0
stylefeng/Guns;https://github.com/stylefeng/Guns;Java;06/07/2017 05:19;3;3178;0;1090087;1268297;146870;29124;3.0;1.0;5.0;17.0
cucumber/cucumber;https://github.com/cucumber/cucumber;Java;21/06/2015 04:37;5;3170;40;1333179;1544286;172316;39108;1.0;1.0;1.0;8.0
hmkcode/Android;https://github.com/hmkcode/Android;Java;02/09/2013 16:12;7;3164;0;1342553;1555838;174178;39613;5.0;1.5;3.0;22.0
daimajia/AndroidViewHover;https://github.com/daimajia/AndroidViewHover;Java;08/08/2014 12:04;6;3161;4;1344521;1558670;174651;40017;2.0;1.0;2.0;9.0
ittianyu/BottomNavigationViewEx;https://github.com/ittianyu/BottomNavigationViewEx;Java;12/11/2016 08:39;4;3160;19;1348048;1563246;175329;40409;3.0;1.0;3.0;13.0
M66B/NetGuard;https://github.com/M66B/NetGuard;Java;24/10/2015 17:59;5;3159;128;1378695;1598548;179495;41040;2.0;1.0;2.0;11.0
google/data-transfer-project;https://github.com/google/data-transfer-project;Java;04/01/2018 21:27;3;3157;36;1440295;1669187;187442;42160;3.0;1.0;4.0;18.0
kevinsawicki/http-request;https://github.com/kevinsawicki/http-request;Java;21/10/2011 19:54;9;3157;0;1448752;1679011;188485;42640;2.0;1.0;1.0;6.0
UnevenSoftware/LeafPic;https://github.com/UnevenSoftware/LeafPic;Java;07/01/2016 17:24;5;3156;7;1472083;1706935;192726;43318;3.0;1.0;3.0;15.0
runelite/runelite;https://github.com/runelite/runelite;Java;30/04/2016 20:48;4;3154;0;1814808;2078911;221355;44250;3.0;1.0;3.0;18.0
lisawray/groupie;https://github.com/lisawray/groupie;Java;01/09/2016 20:59;4;3153;26;1823214;2089438;223139;44666;3.0;1.0;4.0;14.5
zzz40500/GsonFormat;https://github.com/zzz40500/GsonFormat;Java;31/10/2014 14:16;6;3152;4;1830480;2097829;223957;44986;1.0;1.0;2.0;12.0
code4craft/netty-learning;https://github.com/code4craft/netty-learning;Java;19/09/2013 02:24;7;3143;0;1941946;2224133;238508;46026;4.0;1.0;4.0;20.0
liuyubobobo/Play-with-Algorithms;https://github.com/liuyubobobo/Play-with-Algorithms;Java;05/07/2016 18:16;4;3139;0;2414379;2698759;240258;46474;3.0;1.0;11.0;37.0
networknt/light-4j;https://github.com/networknt/light-4j;Java;09/09/2016 22:28;4;3137;130;2491360;2788306;251098;49153;2.0;1.0;4.0;22.0
apache/cordova-android;https://github.com/apache/cordova-android;Java;28/11/2012 08:00;8;3136;0;2523431;2825634;255622;49944;2.0;1.0;2.0;10.0
hitherejoe/animate;https://github.com/hitherejoe/animate;Java;16/11/2015 15:06;5;3132;0;2528139;2831555;256500;50314;6.0;2.0;4.0;21.0
airbnb/native-navigation;https://github.com/airbnb/native-navigation;Java;16/09/2016 17:16;4;3126;0;2543121;2850110;259356;51101;3.0;1.0;2.0;10.0
knowm/XChange;https://github.com/knowm/XChange;Java;02/02/2012 10:48;9;3123;0;3123357;3493520;315522;51750;4.0;1.0;4.0;19.0
jfinal/jfinal;https://github.com/jfinal/jfinal;Java;25/04/2012 08:48;8;3120;0;3133928;3506358;317468;52099;3.0;1.0;6.0;23.0
ethanhua/Skeleton;https://github.com/ethanhua/Skeleton;Java;30/07/2017 06:42;3;3120;0;3135865;3509050;317855;52488;3.0;1.0;2.0;8.0
linkedin/databus;https://github.com/linkedin/databus;Java;17/12/2012 17:49;8;3116;0;3366695;3769444;346186;53931;3.0;1.0;6.0;26.0
facebookarchive/network-connection-class;https://github.com/facebookarchive/network-connection-class;Java;18/03/2015 02:16;5;3114;2;3368563;3771986;346539;54262;2.5;1.0;3.5;20.0
mock-server/mockserver;https://github.com/mock-server/mockserver;Java;26/02/2013 06:09;8;3113;0;3521933;3944387;364206;55468;6.0;1.0;6.0;26.0
promeG/TinyPinyin;https://github.com/promeG/TinyPinyin;Java;30/09/2015 03:24;5;3106;2;3525155;3948450;364677;55849;1.0;1.0;1.0;7.0
graphhopper/graphhopper;https://github.com/graphhopper/graphhopper;Java;18/02/2012 19:57;9;3103;30;3703897;4147725;384424;57198;4.0;1.0;5.0;25.0
LWJGL/lwjgl3;https://github.com/LWJGL/lwjgl3;Java;23/12/2012 15:40;8;3103;14;4997469;5779853;613392;232307;7.0;4.0;13.0;45.0
amulyakhare/TextDrawable;https://github.com/amulyakhare/TextDrawable;Java;19/10/2014 09:56;6;3099;0;4999421;5782589;613806;232687;3.0;1.0;6.0;21.0
uber/AutoDispose;https://github.com/uber/AutoDispose;Java;22/12/2016 18:46;4;3096;0;5015937;5803138;616576;234041;5.0;1.0;5.0;19.0
nicolasgramlich/AndEngine;https://github.com/nicolasgramlich/AndEngine;Java;22/11/2011 14:20;9;3092;0;5077358;5878173;629842;234578;3.0;1.0;4.5;18.0
apache/dubbo-admin;https://github.com/apache/dubbo-admin;Java;11/01/2018 05:30;3;3090;2;5122783;5929274;634548;235195;3.0;1.0;6.5;29.5
jboss-javassist/javassist;https://github.com/jboss-javassist/javassist;Java;24/05/2013 08:31;7;3088;17;5232757;6050302;645285;236003;1.0;1.0;2.0;12.0
Skykai521/StickerCamera;https://github.com/Skykai521/StickerCamera;Java;05/07/2015 14:12;5;3083;0;5250891;6071452;647904;236579;2.0;1.0;3.0;13.0
eclipse/jetty.project;https://github.com/eclipse/jetty.project;Java;14/07/2011 01:11;9;3071;16;6009966;7297632;1112209;241566;4.0;1.0;3.0;15.0
eishay/jvm-serializers;https://github.com/eishay/jvm-serializers;Java;25/04/2010 03:12;10;3068;0;6040320;7332171;1115958;241950;5.0;1.0;3.0;28.0
yipianfengye/android-adDialog;https://github.com/yipianfengye/android-adDialog;Java;02/08/2016 08:00;4;3068;0;6042280;7334859;1116329;242321;2.5;1.0;2.0;11.0
chenBingX/SuperTextView;https://github.com/chenBingX/SuperTextView;Java;17/04/2017 11:32;3;3067;30;6044685;7337920;1116638;242791;2.0;1.0;2.0;8.5
owncloud/android;https://github.com/owncloud/android;Java;25/08/2012 10:35;8;3062;43;6130599;7437228;1129143;243741;5.0;1.0;6.0;35.0
keyboardsurfer/Crouton;https://github.com/keyboardsurfer/Crouton;Java;03/08/2012 11:04;8;3059;8;6134483;7442193;1129849;244137;5.0;1.0;4.0;31.0
fyhertz/libstreaming;https://github.com/fyhertz/libstreaming;Java;30/01/2013 21:24;8;3055;0;6169463;7479175;1131523;244634;2.0;1.0;6.0;29.0
gabrielemariotti/RecyclerViewItemAnimators;https://github.com/gabrielemariotti/RecyclerViewItemAnimators;Java;22/08/2014 00:24;6;3055;0;6173396;7484159;1132218;245019;3.0;1.0;3.0;17.0
danylovolokh/VideoPlayerManager;https://github.com/danylovolokh/VideoPlayerManager;Java;09/07/2015 21:32;5;3055;0;6179821;7492478;1133772;245418;3.0;1.0;4.0;13.0
vert-x3/vertx-examples;https://github.com/vert-x3/vertx-examples;Java;24/02/2015 17:42;6;3053;0;6257221;7577854;1140989;246316;5.0;2.0;3.0;21.0
zwwill/yanxuan-weex-demo;https://github.com/zwwill/yanxuan-weex-demo;Java;05/09/2017 11:48;3;3052;0;6428987;7765284;1154242;251461;0.0;1.0;0.0;14.0
alibaba/cobar;https://github.com/alibaba/cobar;Java;15/01/2014 11:20;7;3048;1;6509838;7857138;1163909;253028;3.0;1.0;4.0;19.0
hongyangAndroid/Highlight;https://github.com/hongyangAndroid/Highlight;Java;08/10/2015 15:03;5;3047;0;6511193;7859165;1164213;253407;2.0;1.0;2.0;7.0
requery/requery;https://github.com/requery/requery;Java;14/11/2015 00:45;5;3044;43;6559431;7915244;1171702;253859;3.0;1.0;2.5;10.0
jgilfelt/android-viewbadger;https://github.com/jgilfelt/android-viewbadger;Java;27/09/2011 22:50;9;3041;0;6561224;7917698;1172071;254158;2.0;1.0;1.0;5.0
BelooS/ChipsLayoutManager;https://github.com/BelooS/ChipsLayoutManager;Java;03/08/2016 19:23;4;3040;11;6575386;7934837;1174682;254598;3.5;1.0;3.0;11.0
android/views-widgets-samples;https://github.com/android/views-widgets-samples;Java;06/09/2019 21:39;1;3040;0;6615350;7982215;1180881;256048;2.0;1.0;4.0;17.0
xuexiangjys/XUI;https://github.com/xuexiangjys/XUI;Java;07/01/2019 07:59;2;3031;18;6647291;8019091;1185490;256494;4.0;1.0;4.0;16.0
sofastack/sofa-jarslink;https://github.com/sofastack/sofa-jarslink;Java;02/02/2018 06:02;3;3024;2;6650740;8023447;1186082;256815;3.0;1.0;3.0;22.0
MovingBlocks/Terasology;https://github.com/MovingBlocks/Terasology;Java;04/03/2011 03:49;10;3020;55;6903502;8311183;1220135;258074;4.0;1.0;4.0;17.0
eleme/UETool;https://github.com/eleme/UETool;Java;16/05/2018 08:13;2;3006;8;6907955;8316926;1221012;258499;4.0;1.0;3.0;13.0
pedrovgs/DraggablePanel;https://github.com/pedrovgs/DraggablePanel;Java;13/04/2014 11:40;6;3004;10;6913591;8323797;1221886;258873;4.0;1.0;4.0;14.0
apache/kylin;https://github.com/apache/kylin;Java;03/01/2015 08:00;6;3004;0;8197168;9670310;1278375;268457;4.0;1.0;5.0;27.0
stephanenicolas/robospice;https://github.com/stephanenicolas/robospice;Java;19/09/2012 14:09;8;3003;1;8222555;9700799;1283060;268988;4.0;2.0;4.0;22.5
lovetuzitong/MultiImageSelector;https://github.com/lovetuzitong/MultiImageSelector;Java;08/04/2015 10:12;5;3001;2;8224856;9703892;1283486;269371;3.0;1.0;3.0;17.0
crate/crate;https://github.com/crate/crate;Java;10/04/2013 09:17;7;3000;21;8883931;10465126;1383611;273589;5.0;1.0;5.0;25.0
line/armeria;https://github.com/line/armeria;Java;16/11/2015 04:04;5;2995;180;9249409;10881484;1433250;277512;5.0;1.0;4.0;19.0
WritingMinds/ffmpeg-android-java;https://github.com/WritingMinds/ffmpeg-android-java;Java;11/09/2014 10:12;6;2992;8;9253053;10886631;1434290;277987;1.0;1.0;4.0;13.0
facebook/react-native-fbsdk;https://github.com/facebook/react-native-fbsdk;Java;03/08/2015 17:10;5;2990;22;9268350;10905320;1436507;278564;5.5;2.0;3.0;14.5
google/volley;https://github.com/google/volley;Java;24/01/2017 17:39;4;2988;7;9283373;10922734;1438574;278997;2.0;1.0;3.0;13.0
dmytrodanylyk/android-process-button;https://github.com/dmytrodanylyk/android-process-button;Java;02/05/2014 20:39;6;2983;1;9285578;10925833;1439075;279413;4.5;2.0;3.0;19.0
xmuSistone/ViewpagerTransition;https://github.com/xmuSistone/ViewpagerTransition;Java;19/09/2016 05:38;4;2983;1;9286669;10927514;1439324;279767;2.0;2.0;3.0;13.0
web3j/web3j;https://github.com/web3j/web3j;Java;04/09/2016 05:48;4;2979;86;9351160;11002787;1449414;280212;2.0;1.0;2.0;9.0
zhou-you/RxEasyHttp;https://github.com/zhou-you/RxEasyHttp;Java;07/06/2017 09:33;3;2967;0;9353004;11005412;1449821;280599;3.0;1.0;2.0;9.0
Marswin/MarsDaemon;https://github.com/Marswin/MarsDaemon;Java;25/12/2015 03:21;5;2960;0;9356184;11009584;1450386;281040;2.0;1.0;2.0;8.0
j-easy/easy-rules;https://github.com/j-easy/easy-rules;Java;10/03/2013 14:38;8;2959;10;9369160;11024784;1452277;281358;4.0;1.0;4.0;17.0
apache/incubator-pinot;https://github.com/apache/incubator-pinot;Java;19/05/2014 23:27;6;2955;9;10228835;11940429;1503117;286722;5.0;1.0;6.0;31.0
jasonross/Nuwa;https://github.com/jasonross/Nuwa;Java;11/11/2015 14:48;5;2951;0;10229936;11942145;1503372;287095;3.5;1.0;1.5;11.0
saysky/ForestBlog;https://github.com/saysky/ForestBlog;Java;08/10/2017 15:27;3;2949;0;10240625;11954020;1504230;288376;3.0;1.0;5.0;18.5
udacity/Sunshine-Version-2;https://github.com/udacity/Sunshine-Version-2;Java;05/03/2015 01:48;6;2946;0;10245282;11959873;1505080;288745;5.0;2.0;5.5;28.5
undertow-io/undertow;https://github.com/undertow-io/undertow;Java;19/07/2012 00:52;8;2941;0;10442822;12186230;1533469;289512;3.0;1.0;3.0;17.0
mik3y/usb-serial-for-android;https://github.com/mik3y/usb-serial-for-android;Java;30/06/2013 23:17;7;2938;14;10451625;12197135;1534882;290232;5.0;1.0;5.0;38.5
wendux/DSBridge-Android;https://github.com/wendux/DSBridge-Android;Java;02/01/2017 11:58;4;2935;2;10454668;12201215;1535528;290648;2.0;1.0;1.0;6.0
crazyandcoder/citypicker;https://github.com/crazyandcoder/citypicker;Java;12/05/2016 01:21;4;2935;1;10459135;12206901;1536387;291105;2.0;1.0;2.0;9.0
yui/yuicompressor;https://github.com/yui/yuicompressor;Java;05/12/2008 19:13;12;2931;1;10490359;12243768;1541363;291619;2.0;1.0;41.0;181.5
guoguibing/librec;https://github.com/guoguibing/librec;Java;09/01/2014 16:06;7;2927;3;14049138;15812137;1550052;295388;6.0;2.0;6.0;23.0
woxingxiao/BubbleSeekBar;https://github.com/woxingxiao/BubbleSeekBar;Java;03/11/2016 14:31;4;2922;12;14051375;15815155;1550477;295767;2.0;1.0;2.5;12.0
jd-alexander/LikeButton;https://github.com/jd-alexander/LikeButton;Java;23/12/2015 17:49;5;2916;14;14053591;15818358;1551053;296209;4.5;1.0;2.5;12.5
huburt-Hu/NewbieGuide;https://github.com/huburt-Hu/NewbieGuide;Java;28/07/2017 06:54;3;2914;20;14055248;15820732;1551411;296582;3.0;1.0;1.0;8.0
uber/NullAway;https://github.com/uber/NullAway;Java;01/09/2017 17:35;3;2910;0;14081059;15850140;1554505;297276;1.0;1.0;2.0;9.5
javaee/jersey;https://github.com/javaee/jersey;Java;18/05/2012 11:38;8;2909;30;14670606;16528488;1638999;303886;3.0;1.0;3.0;13.0
NLPIR-team/NLPIR;https://github.com/NLPIR-team/NLPIR;Java;04/05/2015 06:55;5;2904;0;17082792;18961338;1650352;338625;3.0;1.0;5.5;30.0
ManuelPeinado/FadingActionBar;https://github.com/ManuelPeinado/FadingActionBar;Java;25/05/2013 11:50;7;2904;0;17087449;18967185;1651119;339058;5.0;2.0;2.0;12.0
Fuzion24/JustTrustMe;https://github.com/Fuzion24/JustTrustMe;Java;24/07/2014 23:45;6;2900;1;17088750;18969117;1651411;339409;1.0;1.0;1.0;6.0
race604/FlyRefresh;https://github.com/race604/FlyRefresh;Java;28/05/2015 10:19;5;2888;2;17092024;18973354;1652019;339785;2.0;1.0;2.5;10.5
spring-cloud/spring-cloud-gateway;https://github.com/spring-cloud/spring-cloud-gateway;Java;16/11/2016 21:42;4;2887;0;17133046;19022957;1660069;340397;6.0;1.0;3.0;17.0
mplushnikov/lombok-intellij-plugin;https://github.com/mplushnikov/lombok-intellij-plugin;Java;09/10/2013 21:49;7;2887;116;17193899;19097383;1672275;342020;2.0;1.0;1.0;9.0
YahooArchive/anthelion;https://github.com/YahooArchive/anthelion;Java;27/10/2015 00:42;5;2885;0;17485376;19426639;1709142;343337;6.0;1.0;9.0;44.0
saulmm/Android-Material-Examples;https://github.com/saulmm/Android-Material-Examples;Java;13/10/2014 16:13;6;2885;0;17488015;19430285;1709798;343726;3.0;1.0;2.5;12.0
JSQLParser/JSqlParser;https://github.com/JSQLParser/JSqlParser;Java;23/06/2011 22:51;9;2882;24;17545319;19497225;1718893;345864;4.0;1.0;7.0;25.0
edmodo/cropper;https://github.com/edmodo/cropper;Java;24/07/2013 21:59;7;2875;0;17548563;19501602;1719628;346284;4.0;1.0;4.0;29.0
tiann/epic;https://github.com/tiann/epic;Java;22/05/2017 02:52;3;2875;3;17556806;19512031;1721333;346811;3.0;1.0;2.0;12.0
Javen205/IJPay;https://github.com/Javen205/IJPay;Java;02/05/2017 03:15;3;2873;23;17565312;19522614;1722813;347202;5.0;1.0;1.5;18.5
Red5/red5-server;https://github.com/Red5/red5-server;Java;19/11/2013 05:04;7;2872;44;17590620;19551783;1726179;347887;4.0;1.0;6.0;24.0
geftimov/android-pathview;https://github.com/geftimov/android-pathview;Java;20/01/2015 15:21;6;2870;2;17593987;19556022;1726690;348257;5.0;1.0;2.5;12.0
googlesamples/android-vision;https://github.com/googlesamples/android-vision;Java;01/07/2015 21:40;5;2869;0;17608708;19573735;1728973;349239;3.0;1.0;4.0;16.0
zaaach/CityPicker;https://github.com/zaaach/CityPicker;Java;27/02/2016 09:11;5;2864;1;17610843;19576535;1729278;349623;2.0;1.0;2.0;9.0
Polidea/RxAndroidBle;https://github.com/Polidea/RxAndroidBle;Java;04/02/2016 13:42;5;2864;43;17640833;19613046;1735350;350300;3.0;1.0;2.0;9.0
donglua/PhotoPicker;https://github.com/donglua/PhotoPicker;Java;25/06/2015 16:53;5;2860;13;17645207;19618698;1736278;350672;3.0;1.0;3.5;17.0
anggrayudi/android-hidden-api;https://github.com/anggrayudi/android-hidden-api;Java;16/09/2015 11:58;5;2856;1;17647571;19621870;1736697;351092;8.5;1.0;30.5;138.0
andOTP/andOTP;https://github.com/andOTP/andOTP;Java;05/07/2017 11:39;3;2856;34;17677892;19655512;1739628;351639;3.0;1.0;3.0;12.5
immutables/immutables;https://github.com/immutables/immutables;Java;07/07/2013 13:48;7;2854;6;17783495;19780827;1758929;352447;3.0;1.0;2.0;8.0
aragozin/jvm-tools;https://github.com/aragozin/jvm-tools;Java;28/04/2012 09:28;8;2851;0;17822343;19826940;1765721;353013;3.0;1.0;4.0;21.0
JavaNoober/BackgroundLibrary;https://github.com/JavaNoober/BackgroundLibrary;Java;09/09/2018 08:52;2;2851;5;17827310;19833134;1766521;353460;4.0;1.0;4.0;16.0
trinodb/trino;https://github.com/trinodb/trino;Java;19/01/2019 06:38;2;2846;0;19017599;21186659;1926978;378537;6.0;1.0;5.0;26.0
jeremylong/DependencyCheck;https://github.com/jeremylong/DependencyCheck;Java;03/09/2012 20:43;8;2846;10;19253431;21455089;1952225;386693;5.0;2.0;7.0;40.0
openaphid/android-flip;https://github.com/openaphid/android-flip;Java;22/05/2012 07:48;8;2845;0;19260501;21464297;1953921;387165;4.0;1.0;4.5;25.0
lenve/JavaEETest;https://github.com/lenve/JavaEETest;Java;13/12/2016 02:13;4;2845;0;19536414;21773566;1984576;395961;3.0;1.0;2.0;9.5
SpecialCyCi/AndroidResideMenu;https://github.com/SpecialCyCi/AndroidResideMenu;Java;14/12/2013 15:25;7;2844;7;19537793;21775652;1984893;396358;4.5;1.5;2.0;6.5
yusugomori/DeepLearning;https://github.com/yusugomori/DeepLearning;Java;01/01/2013 16:23;8;2842;0;19545264;21785824;1987088;396883;4.0;1.0;22.0;84.0
ZieIony/Carbon;https://github.com/ZieIony/Carbon;Java;04/02/2015 23:11;6;2842;2;19608331;21860501;1998103;398091;3.0;1.0;3.0;14.0
yarolegovich/SlidingRootNav;https://github.com/yarolegovich/SlidingRootNav;Java;26/03/2017 22:58;3;2840;1;19610621;21863714;1998679;398453;3.0;1.0;3.0;12.0
jiangqqlmj/FastDev4Android;https://github.com/jiangqqlmj/FastDev4Android;Java;22/10/2015 05:22;5;2837;4;19624241;21879855;2000798;398937;3.0;1.0;2.0;15.0
nanchen2251/RxJava2Examples;https://github.com/nanchen2251/RxJava2Examples;Java;19/06/2017 05:38;3;2837;0;19626284;21882621;2001183;399290;2.0;1.0;2.0;11.5
JackyAndroid/AndroidChromium;https://github.com/JackyAndroid/AndroidChromium;Java;04/07/2016 07:28;4;2836;2;19841449;22130743;2033689;400654;3.0;1.0;3.0;13.0
spockframework/spock;https://github.com/spockframework/spock;Java;12/12/2010 19:02;10;2828;10;19913520;22224955;2048842;407886;4.0;1.0;4.0;16.0
JulienGenoud/android-percent-support-lib-sample;https://github.com/JulienGenoud/android-percent-support-lib-sample;Java;26/06/2015 12:44;5;2824;2;19915182;22227310;2049182;408252;5.0;2.0;4.5;21.5
jprante/elasticsearch-jdbc;https://github.com/jprante/elasticsearch-jdbc;Java;02/06/2012 23:17;8;2823;19;19938513;22253390;2051440;408759;3.0;1.0;5.0;22.0
sunfusheng/StickyHeaderListView;https://github.com/sunfusheng/StickyHeaderListView;Java;22/04/2016 11:39;4;2821;0;19940637;22256328;2051920;409121;4.0;1.0;2.0;10.0
bin456789/Unblock163MusicClient-Xposed;https://github.com/bin456789/Unblock163MusicClient-Xposed;Java;14/01/2016 11:22;5;2819;13;19942893;22259471;2052467;409470;4.0;1.0;4.0;28.0
w446108264/XhsEmoticonsKeyboard;https://github.com/w446108264/XhsEmoticonsKeyboard;Java;06/03/2015 02:39;6;2819;7;19950081;22268388;2053770;409931;3.0;1.0;3.0;18.0
MindorksOpenSource/PRDownloader;https://github.com/MindorksOpenSource/PRDownloader;Java;11/11/2017 19:29;3;2814;5;19956521;22276289;2054847;410329;1.0;1.0;1.0;9.0
florent37/ShapeOfView;https://github.com/florent37/ShapeOfView;Java;18/02/2018 12:14;3;2808;0;19961982;22283256;2055962;410736;4.0;2.0;4.0;19.0
bmelnychuk/AndroidTreeView;https://github.com/bmelnychuk/AndroidTreeView;Java;11/02/2015 02:48;6;2807;0;19966576;22289049;2056776;411572;4.0;1.0;3.0;13.0
square/flow;https://github.com/square/flow;Java;12/09/2013 22:20;7;2806;0;19973622;22297618;2057970;411978;3.0;1.0;2.0;11.0
iwgang/CountdownView;https://github.com/iwgang/CountdownView;Java;12/10/2015 07:46;5;2806;3;19976848;22301815;2058577;412358;3.0;1.0;2.0;13.0
fuzhengwei/itstack-demo-design;https://github.com/fuzhengwei/itstack-demo-design;Java;20/05/2020 13:45;0;2803;0;19979642;22305595;2059280;412649;2.0;1.0;3.0;12.0
liujingxing/okhttp-RxHttp;https://github.com/liujingxing/okhttp-RxHttp;Java;23/01/2019 09:48;2;2802;12;19984182;22311324;2060139;412991;6.0;1.0;8.0;32.0
java8/Java8InAction;https://github.com/java8/Java8InAction;Java;28/10/2013 23:59;7;2799;0;19988748;22317323;2061285;413283;1.0;1.0;2.0;14.0
micrometer-metrics/micrometer;https://github.com/micrometer-metrics/micrometer;Java;10/04/2017 21:36;3;2799;94;20063796;22404774;2072981;414177;5.0;1.0;4.0;19.0
nic-delhi/AarogyaSetu_Android;https://github.com/nic-delhi/AarogyaSetu_Android;Java;26/05/2020 17:36;0;2799;0;20076508;22420088;2075165;414617;3.0;1.0;4.0;16.5
remkop/picocli;https://github.com/remkop/picocli;Java;01/02/2017 16:38;4;2797;76;20425090;22797061;2099205;427830;2.0;1.0;0.0;5.0
ltsopensource/light-task-scheduler;https://github.com/ltsopensource/light-task-scheduler;Java;24/10/2014 12:53;6;2796;29;20498781;22880976;2109053;428998;3.0;1.0;4.0;20.0
mzule/ActivityRouter;https://github.com/mzule/ActivityRouter;Java;08/04/2016 02:27;4;2795;3;20501206;22884306;2109579;429391;2.0;1.0;1.0;6.0
huanghongxun/HMCL;https://github.com/huanghongxun/HMCL;Java;22/06/2015 08:06;5;2794;164;20553856;22945959;2118192;429947;4.0;1.0;5.0;27.0
android-notes/Cockroach;https://github.com/android-notes/Cockroach;Java;14/02/2017 03:43;4;2787;1;20555539;22948404;2118592;430323;3.0;1.0;1.0;10.0
mxdldev/android-mvp-mvvm-flytour;https://github.com/mxdldev/android-mvp-mvvm-flytour;Java;25/12/2018 10:42;2;2785;11;20573894;22968619;2119970;430976;1.0;1.0;1.0;11.0
guolindev/booksource;https://github.com/guolindev/booksource;Java;04/10/2016 02:55;4;2784;0;20589005;22989020;2123182;433339;2.0;1.0;1.0;7.0
FasterXML/jackson-databind;https://github.com/FasterXML/jackson-databind;Java;23/12/2011 07:17;9;2777;0;28139728;30646295;2229292;451741;3.0;1.0;2.0;13.0
florent37/ExpectAnim;https://github.com/florent37/ExpectAnim;Java;20/02/2017 15:05;4;2776;1;28144185;30652305;2230471;452128;4.0;2.0;3.0;13.0
alibaba/jetcache;https://github.com/alibaba/jetcache;Java;12/04/2017 07:48;3;2774;47;28164361;30676321;2234021;452441;3.0;1.0;3.0;16.0
gouthampradhan/leetcode;https://github.com/gouthampradhan/leetcode;Java;09/03/2017 10:30;4;2773;0;28194891;30709693;2236560;452903;2.0;1.0;7.0;28.0
CrawlScript/WebCollector;https://github.com/CrawlScript/WebCollector;Java;12/07/2014 03:16;6;2772;0;28199054;30715025;2237424;453216;3.0;1.0;5.0;24.0
AweiLoveAndroid/CommonDevKnowledge;https://github.com/AweiLoveAndroid/CommonDevKnowledge;Java;15/12/2017 03:00;3;2770;0;28199938;30716410;2237627;453519;2.0;1.0;9.0;28.5
JakeWharton/scalpel;https://github.com/JakeWharton/scalpel;Java;06/01/2014 17:26;7;2768;0;28201699;30718838;2237986;453837;2.0;1.0;2.0;11.0
qunarcorp/bistoury;https://github.com/qunarcorp/bistoury;Java;01/08/2019 07:54;1;2761;8;28318640;30857142;2258937;455825;3.0;1.0;5.0;23.0
Tencent/MSEC;https://github.com/Tencent/MSEC;Java;28/11/2016 01:50;4;2760;0;28678969;31287779;2318133;471916;3.0;1.0;10.0;37.0
Teevity/ice;https://github.com/Teevity/ice;Java;14/06/2013 20:56;7;2756;3;28693481;31304725;2320170;472435;3.0;1.0;6.0;25.0
FinalTeam/RxGalleryFinal;https://github.com/FinalTeam/RxGalleryFinal;Java;22/04/2016 01:41;4;2753;1;28699708;31312339;2321163;472939;2.0;1.0;3.0;12.0
trojan-gfw/igniter;https://github.com/trojan-gfw/igniter;Java;08/11/2018 22:19;2;2751;31;28711634;31326199;2322696;473381;2.0;1.0;2.0;9.0
airbnb/airpal;https://github.com/airbnb/airpal;Java;05/05/2014 18:51;6;2750;0;28723966;31341097;2324906;473810;4.0;1.0;3.0;14.0
traccar/traccar;https://github.com/traccar/traccar;Java;16/04/2012 08:33;8;2749;32;28815824;31452939;2344421;474249;4.0;2.0;1.0;13.0
JoanZapata/android-pdfview;https://github.com/JoanZapata/android-pdfview;Java;21/11/2012 16:19;8;2749;0;28821352;31459934;2345524;474627;2.0;1.0;3.0;12.0
evrencoskun/TableView;https://github.com/evrencoskun/TableView;Java;13/06/2017 04:29;3;2746;11;28833493;31474955;2347974;475110;4.0;1.0;4.0;19.5
jenkinsci/blueocean-plugin;https://github.com/jenkinsci/blueocean-plugin;Java;23/01/2016 18:02;5;2745;22;29104981;31770269;2370629;476728;5.0;1.0;4.0;18.0
cabaletta/baritone;https://github.com/cabaletta/baritone;Java;01/08/2018 15:34;2;2744;55;29137501;31807849;2375239;477405;4.0;1.0;5.0;18.0
Yalantis/GuillotineMenu-Android;https://github.com/Yalantis/GuillotineMenu-Android;Java;15/06/2015 13:56;5;2743;2;29138847;31809904;2375579;477787;2.0;1.0;2.0;12.0
north2016/T-MVP;https://github.com/north2016/T-MVP;Java;09/05/2016 05:55;4;2743;0;29143759;31816074;2376532;478376;3.0;1.0;3.0;14.0
ballerina-platform/ballerina-lang;https://github.com/ballerina-platform/ballerina-lang;Java;16/11/2016 14:58;4;2739;83;31220129;34055934;2526136;490564;5.0;1.0;5.0;25.0
watabou/pixel-dungeon;https://github.com/watabou/pixel-dungeon;Java;26/07/2014 17:34;6;2737;0;31270596;34118318;2537758;490859;4.0;2.0;4.0;25.0
jiajunhui/PlayerBase;https://github.com/jiajunhui/PlayerBase;Java;28/03/2017 10:19;3;2735;18;31284382;34135078;2540349;491321;3.0;1.0;4.0;14.0
questdb/questdb;https://github.com/questdb/questdb;Java;28/04/2014 23:29;6;2732;30;31753420;34660045;2586099;501418;5.0;1.0;4.0;19.0
Nightonke/WoWoViewPager;https://github.com/Nightonke/WoWoViewPager;Java;03/03/2016 04:29;5;2731;0;31766647;34675747;2588163;501918;4.0;2.0;3.0;22.0
h2database/h2database;https://github.com/h2database/h2database;Java;10/04/2015 19:09;5;2729;12;32153897;35108075;2630775;505522;6.0;2.0;13.0;53.5
burhanrashid52/PhotoEditor;https://github.com/burhanrashid52/PhotoEditor;Java;23/01/2018 11:44;3;2728;9;32161483;35117322;2632008;506020;3.0;1.0;3.0;13.0
zhaojun1998/zfile;https://github.com/zhaojun1998/zfile;Java;19/08/2019 13:57;1;2727;36;32163214;35119879;2632545;506322;5.0;1.0;3.0;17.0
szerhusenBC/jwt-spring-security-demo;https://github.com/szerhusenBC/jwt-spring-security-demo;Java;20/03/2016 19:16;4;2722;3;32165212;35122706;2633030;506666;4.0;1.0;2.0;13.0
code-troopers/android-betterpickers;https://github.com/code-troopers/android-betterpickers;Java;21/03/2013 01:45;7;2720;16;32192600;35154535;2637043;507278;4.0;1.0;2.0;13.0
google/binnavi;https://github.com/google/binnavi;Java;19/08/2015 12:20;5;2720;3;34560045;37629396;2741466;510491;5.0;1.0;2.0;16.0
dingjikerbo/Android-BluetoothKit;https://github.com/dingjikerbo/Android-BluetoothKit;Java;08/10/2015 09:07;5;2711;0;34568323;37640124;2743565;510873;2.0;1.0;2.0;12.0
googlearchive/android-Camera2Basic;https://github.com/googlearchive/android-Camera2Basic;Java;26/06/2014 15:53;6;2710;0;34572236;37645144;2744318;511259;2.5;1.0;2.0;13.0
Nightonke/CoCoin;https://github.com/Nightonke/CoCoin;Java;17/10/2015 13:50;5;2710;0;34601745;37679795;2749091;511783;3.0;1.0;2.0;11.0
RobotiumTech/robotium;https://github.com/RobotiumTech/robotium;Java;10/12/2009 12:51;11;2706;0;34612671;37693203;2751286;512102;2.0;1.0;4.0;24.0
KingJA/LoadSir;https://github.com/KingJA/LoadSir;Java;02/09/2017 08:32;3;2703;6;34635541;37717375;2752113;512498;3.0;1.5;2.0;12.5
MagicMashRoom/SuperCalendar;https://github.com/MagicMashRoom/SuperCalendar;Java;11/05/2017 12:28;3;2697;13;34636971;37719477;2752413;512885;2.0;1.0;2.0;8.0
saulmm/CoordinatorBehaviorExample;https://github.com/saulmm/CoordinatorBehaviorExample;Java;16/08/2015 04:14;5;2695;0;34637881;37720927;2752631;513214;9.5;1.5;15.5;79.5
jfeinstein10/JazzyViewPager;https://github.com/jfeinstein10/JazzyViewPager;Java;01/02/2013 04:57;8;2694;0;34639407;37723055;2752912;513541;1.0;1.0;2.0;17.0
wenmingvs/AndroidProcess;https://github.com/wenmingvs/AndroidProcess;Java;19/01/2016 06:28;5;2694;0;34642709;37727219;2753411;513933;2.0;1.0;2.0;10.0
oguzbilgener/CircularFloatingActionMenu;https://github.com/oguzbilgener/CircularFloatingActionMenu;Java;20/07/2014 20:42;6;2692;0;34646186;37731764;2754082;514341;6.0;1.0;5.0;28.0
TangoAgency/material-intro-screen;https://github.com/TangoAgency/material-intro-screen;Java;12/09/2016 13:16;4;2692;4;34652770;37739769;2755124;514783;3.0;1.0;2.0;8.0
fishercoder1534/Leetcode;https://github.com/fishercoder1534/Leetcode;Java;31/07/2016 05:28;4;2690;0;34729631;37828792;2766883;515263;1.0;1.0;3.0;22.0
react-native-share/react-native-share;https://github.com/react-native-share/react-native-share;Java;30/09/2015 02:27;5;2689;41;34755062;37860119;2770811;516221;3.0;2.0;5.0;20.0
jbloch/effective-java-3e-source-code;https://github.com/jbloch/effective-java-3e-source-code;Java;03/08/2018 20:48;2;2689;0;34759474;37865717;2771674;516548;1.0;1.0;2.0;12.5
JackyAndroid/AndroidTVLauncher;https://github.com/JackyAndroid/AndroidTVLauncher;Java;27/03/2016 08:59;4;2687;3;34761635;37868667;2772122;516918;4.0;1.0;2.5;21.5
JohnPersano/SuperToasts;https://github.com/JohnPersano/SuperToasts;Java;03/06/2013 00:56;7;2682;5;34768225;37876649;2773174;517311;3.0;1.0;3.0;13.0
lizhangqu/CoreLink;https://github.com/lizhangqu/CoreLink;Java;30/04/2015 08:47;5;2680;0;34768655;37877469;2773281;517599;nan;nan;nan;nan
apollographql/apollo-android;https://github.com/apollographql/apollo-android;Java;28/09/2016 14:03;4;2674;60;34968863;38101543;2792568;521869;3.0;1.0;2.0;8.0
yanzhenjie/AndServer;https://github.com/yanzhenjie/AndServer;Java;14/06/2016 00:52;4;2666;0;34992259;38128712;2796030;522413;3.0;1.0;6.0;23.0
harjot-oberai/MusicDNA;https://github.com/harjot-oberai/MusicDNA;Java;30/04/2016 20:12;4;2664;2;35090563;38239817;2808467;523185;3.0;1.0;5.0;21.0
glomadrian/Grav;https://github.com/glomadrian/Grav;Java;01/04/2017 09:16;3;2662;0;35093974;38244225;2809040;523651;4.0;1.0;3.0;14.0
JeremyLiao/LiveEventBus;https://github.com/JeremyLiao/LiveEventBus;Java;11/07/2018 07:36;2;2660;0;35101852;38253999;2810343;524286;2.0;1.0;1.0;5.0
Malinskiy/SuperRecyclerView;https://github.com/Malinskiy/SuperRecyclerView;Java;11/12/2014 03:20;6;2660;7;35105861;38259109;2811128;524613;2.0;1.0;1.0;7.0
AbrahamCaiJin/CommonUtilLibrary;https://github.com/AbrahamCaiJin/CommonUtilLibrary;Java;28/04/2017 06:06;3;2656;0;35106934;38260777;2811323;525029;3.0;1.0;8.0;44.0
pedrovgs/Algorithms;https://github.com/pedrovgs/Algorithms;Java;09/11/2014 14:32;6;2655;0;35118587;38274991;2813580;525337;3.0;1.0;7.0;30.0
qii/weiciyuan;https://github.com/qii/weiciyuan;Java;26/07/2012 14:23;8;2653;0;35193059;38363942;2827721;525957;4.0;1.0;3.0;20.0
googlesamples/google-services;https://github.com/googlesamples/google-services;Java;20/05/2015 22:45;5;2651;0;35203772;38376403;2828947;526515;3.0;1.5;2.0;13.5
flavioarfaria/KenBurnsView;https://github.com/flavioarfaria/KenBurnsView;Java;19/03/2014 03:10;6;2650;4;35206253;38379825;2829519;526912;4.0;2.0;5.0;31.0
cSploit/android;https://github.com/cSploit/android;Java;04/10/2014 05:53;6;2642;33;35237071;38416123;2834624;527489;2.0;1.0;3.0;14.0
Todd-Davies/ProgressWheel;https://github.com/Todd-Davies/ProgressWheel;Java;04/02/2012 18:13;9;2640;3;35238753;38418541;2835018;527841;4.0;1.0;3.5;22.5
zendesk/maxwell;https://github.com/zendesk/maxwell;Java;09/02/2015 22:06;6;2639;171;35264535;38451439;2840952;529047;4.0;1.0;5.0;26.0
SimonVT/android-menudrawer;https://github.com/SimonVT/android-menudrawer;Java;01/09/2012 13:34;8;2631;0;35272338;38461276;2842648;529456;4.0;1.0;3.0;18.5
chennaione/sugar;https://github.com/chennaione/sugar;Java;12/08/2011 13:44;9;2631;6;35281145;38472451;2844639;529889;2.0;1.0;3.0;13.0
beworker/pinned-section-listview;https://github.com/beworker/pinned-section-listview;Java;12/05/2013 13:22;7;2628;5;35282896;38474948;2845033;530255;2.5;1.0;5.0;21.0
tyzlmjj/PagerBottomTabStrip;https://github.com/tyzlmjj/PagerBottomTabStrip;Java;23/08/2015 02:35;5;2627;11;35285220;38478095;2845506;530621;5.0;1.0;3.0;17.0
amitshekhariitbhu/awesome-android-complete-reference;https://github.com/amitshekhariitbhu/awesome-android-complete-reference;Java;15/06/2016 02:13;4;2627;0;35285931;38479266;2845667;530931;3.0;1.0;4.0;17.0
google/hover;https://github.com/google/hover;Java;14/12/2015 02:43;5;2626;0;35295923;38491429;2847439;531364;3.0;1.0;2.5;12.0
KunMinX/Linkage-RecyclerView;https://github.com/KunMinX/Linkage-RecyclerView;Java;22/04/2019 04:39;1;2626;0;35301163;38497949;2848376;531734;4.0;1.0;3.0;27.0
sockeqwe/AdapterDelegates;https://github.com/sockeqwe/AdapterDelegates;Java;29/07/2015 11:19;5;2625;16;35308781;38507737;2849957;532341;3.0;1.0;2.0;8.5
liangfeidotme/MasteringAndroidDataBinding;https://github.com/liangfeidotme/MasteringAndroidDataBinding;Java;02/06/2015 16:36;5;2624;0;35311723;38511659;2850586;532705;4.0;2.0;2.0;15.0
bastillion-io/Bastillion;https://github.com/bastillion-io/Bastillion;Java;07/02/2013 23:11;8;2623;11;35352342;38559602;2857569;533861;5.0;1.0;14.0;52.5
chanjarster/weixin-java-tools;https://github.com/chanjarster/weixin-java-tools;Java;18/08/2014 08:11;6;2621;21;35359377;38568487;2859119;534166;3.0;1.0;5.0;23.0
500px/500px-android-blur;https://github.com/500px/500px-android-blur;Java;13/03/2015 16:05;6;2620;0;35360605;38570343;2859391;534535;2.5;2.0;3.0;11.0
PowerJob/PowerJob;https://github.com/PowerJob/PowerJob;Java;16/03/2020 09:19;0;2618;30;35366932;38578120;2860469;534940;4.0;1.0;3.0;16.0
aritraroy/PatternLockView;https://github.com/aritraroy/PatternLockView;Java;27/03/2017 18:46;3;2616;0;35370135;38582378;2861137;535343;3.0;1.0;4.0;14.0
alibaba/Alink;https://github.com/alibaba/Alink;Java;30/09/2018 06:36;2;2615;9;35564803;38816330;2897036;538731;5.0;1.0;2.0;12.0
fengjundev/Android-Skin-Loader;https://github.com/fengjundev/Android-Skin-Loader;Java;01/07/2015 07:36;5;2613;0;35575646;38828473;2897928;539299;3.0;1.0;3.0;17.0
JCTools/JCTools;https://github.com/JCTools/JCTools;Java;10/11/2013 18:04;7;2612;15;35621072;38880541;2904283;539848;3.0;2.0;3.0;18.0
cyrilmottier/GreenDroid;https://github.com/cyrilmottier/GreenDroid;Java;08/05/2010 20:31;10;2604;0;35781098;39176338;3038981;541754;5.0;2.0;4.0;20.0
siyamed/android-shape-imageview;https://github.com/siyamed/android-shape-imageview;Java;31/08/2014 22:18;6;2603;2;35785661;39182063;3039796;542119;5.0;2.0;6.0;40.0
pushtorefresh/storio;https://github.com/pushtorefresh/storio;Java;30/08/2014 23:23;6;2601;30;35837720;39246407;3051610;542858;5.0;1.0;2.0;14.0
jacoco/jacoco;https://github.com/jacoco/jacoco;Java;08/07/2012 21:45;8;2601;42;35920787;39341270;3063095;543887;3.0;1.0;3.0;16.0
googlearchive/android-ConstraintLayoutExamples;https://github.com/googlearchive/android-ConstraintLayoutExamples;Java;02/03/2017 00:11;4;2597;1;35933148;39355604;3064729;544249;2.5;1.0;6.5;31.0
nisrulz/sensey;https://github.com/nisrulz/sensey;Java;12/11/2015 06:58;5;2590;13;35940031;39364166;3065890;544785;3.0;1.0;5.0;24.5
eclipse/openj9;https://github.com/eclipse/openj9;Java;25/08/2017 13:46;3;2589;22;38108031;42042608;3388715;741589;2.0;1.0;4.0;21.0
graknlabs/grakn;https://github.com/graknlabs/grakn;Java;11/07/2016 23:59;4;2588;59;38163200;42109682;3398485;743611;5.0;1.0;6.0;26.0
liuyangming/ByteTCC;https://github.com/liuyangming/ByteTCC;Java;12/02/2016 11:51;5;2586;17;38183935;42134726;3402497;743924;8.0;1.0;13.0;46.0
spring-cloud/spring-cloud-kubernetes;https://github.com/spring-cloud/spring-cloud-kubernetes;Java;13/12/2016 21:36;4;2585;0;38214077;42170968;3408030;744506;5.0;1.0;3.0;16.0
brianway/springmvc-mybatis-learning;https://github.com/brianway/springmvc-mybatis-learning;Java;10/03/2016 07:29;5;2585;0;38218455;42176592;3408939;745013;3.0;1.0;7.0;23.0
VaughnVernon/IDDD_Samples;https://github.com/VaughnVernon/IDDD_Samples;Java;08/04/2013 22:12;7;2584;0;38263853;42234943;3421440;745345;3.0;1.0;6.0;30.0
florent37/DiagonalLayout;https://github.com/florent37/DiagonalLayout;Java;14/10/2016 14:59;4;2582;0;38266054;42238006;3421927;745733;4.0;1.0;8.0;29.0
jjoe64/GraphView;https://github.com/jjoe64/GraphView;Java;04/07/2011 13:25;9;2581;1;38274068;42247586;3423138;746173;2.0;1.0;5.0;21.0
androidx/androidx;https://github.com/androidx/androidx;Java;17/04/2020 19:17;0;2580;0;41203989;45583191;3779626;815764;3.0;1.0;2.0;9.0
tronprotocol/java-tron;https://github.com/tronprotocol/java-tron;Java;26/12/2017 10:20;3;2579;53;41539933;45975434;3834778;816924;11.0;1.0;7.0;54.0
jindrapetrik/jpexs-decompiler;https://github.com/jindrapetrik/jpexs-decompiler;Java;10/05/2014 17:20;6;2577;111;42017029;46524486;3896973;829732;3.0;1.0;5.0;23.0
pchmn/MaterialChipsInput;https://github.com/pchmn/MaterialChipsInput;Java;13/04/2017 22:55;3;2577;7;42021271;46529959;3897811;830159;4.0;1.0;3.0;15.0
huazhiyuan2008/RecyclerViewCardGallery;https://github.com/huazhiyuan2008/RecyclerViewCardGallery;Java;01/09/2016 06:43;4;2577;0;42022260;46531522;3898036;830521;3.0;1.0;2.0;11.0
alibaba/QLExpress;https://github.com/alibaba/QLExpress;Java;15/03/2017 08:39;4;2574;0;42026657;46537046;3898872;830815;3.0;1.0;4.0;21.5
Dimezis/BlurView;https://github.com/Dimezis/BlurView;Java;21/04/2016 16:00;4;2574;22;42029003;46540235;3899359;831197;3.0;1.0;3.5;11.0
mmin18/RealtimeBlurView;https://github.com/mmin18/RealtimeBlurView;Java;21/09/2016 15:59;4;2573;0;42030847;46542794;3899742;831541;4.0;1.0;3.0;26.0
Col-E/Recaf;https://github.com/Col-E/Recaf;Java;27/07/2017 06:01;3;2571;143;42084353;46601029;3904066;832112;5.0;2.0;6.0;24.0
mihaip/dex-method-counts;https://github.com/mihaip/dex-method-counts;Java;04/05/2014 07:22;6;2571;0;42086853;46604322;3904516;832467;1.0;1.0;1.0;15.0
Hitomis/transferee;https://github.com/Hitomis/transferee;Java;19/01/2017 05:49;4;2569;8;42088873;46607181;3904931;832909;3.0;1.0;4.0;15.0
simple-android-framework/android_design_patterns_analysis;https://github.com/simple-android-framework/android_design_patterns_analysis;Java;28/02/2015 06:18;6;2567;0;42089411;46608129;3905058;833197;1.0;1.0;4.0;14.0
r0adkll/Slidr;https://github.com/r0adkll/Slidr;Java;19/08/2014 01:32;6;2564;5;42094120;46614061;3905940;833621;5.0;1.0;5.0;37.0
ldoublem/LoadingView;https://github.com/ldoublem/LoadingView;Java;21/06/2016 07:54;4;2564;0;42098770;46620559;3907441;833981;8.0;2.0;14.0;70.0
zlt2000/microservices-platform;https://github.com/zlt2000/microservices-platform;Java;07/03/2019 07:13;2;2558;19;42132179;46658815;3911673;834930;5.0;1.0;2.0;11.0
florent37/ViewAnimator;https://github.com/florent37/ViewAnimator;Java;22/12/2015 15:49;5;2557;3;42134795;46662291;3912167;835308;2.0;1.0;1.0;6.5
MindorksOpenSource/android-mvvm-architecture;https://github.com/MindorksOpenSource/android-mvvm-architecture;Java;07/07/2017 08:34;3;2557;0;42144524;46674211;3913992;835719;4.0;1.0;3.0;14.0
osmandapp/OsmAnd;https://github.com/osmandapp/OsmAnd;Java;15/01/2011 19:59;10;2554;1;42732838;47330424;3981365;837219;3.0;1.0;3.0;13.0
jMonkeyEngine/jmonkeyengine;https://github.com/jMonkeyEngine/jmonkeyengine;Java;20/03/2014 22:29;6;2545;29;43809806;48453918;4024959;842465;3.0;1.0;3.0;19.0
deano2390/MaterialShowcaseView;https://github.com/deano2390/MaterialShowcaseView;Java;05/08/2015 14:47;5;2544;14;43813649;48459160;4025991;842857;3.0;1.0;4.0;12.5
spring-projects/spring-loaded;https://github.com/spring-projects/spring-loaded;Java;06/12/2012 23:17;8;2543;0;43878137;48535693;4037430;843257;1.0;1.0;2.0;9.0
arcadefire/nice-spinner;https://github.com/arcadefire/nice-spinner;Java;02/08/2015 17:16;5;2543;18;43880146;48538444;4037840;843602;3.0;1.0;2.0;7.0
dlew/joda-time-android;https://github.com/dlew/joda-time-android;Java;08/01/2014 19:11;7;2541;29;43889860;48555718;4039338;849908;2.0;1.0;4.0;15.0
Mojang/brigadier;https://github.com/Mojang/brigadier;Java;15/09/2014 08:48;6;2540;2;43896443;48563986;4040675;850313;5.0;1.0;7.0;29.0
prontera/spring-cloud-rest-tcc;https://github.com/prontera/spring-cloud-rest-tcc;Java;04/12/2015 06:20;5;2539;0;43900959;48569738;4041434;850900;6.0;1.0;2.0;8.0
yangchong211/LifeHelper;https://github.com/yangchong211/LifeHelper;Java;28/09/2017 07:44;3;2537;0;43919976;48593690;4045222;852165;2.0;1.0;4.0;18.0
Twitter4J/Twitter4J;https://github.com/Twitter4J/Twitter4J;Java;24/04/2009 15:25;11;2534;1;43972203;48653559;4052443;852693;4.0;1.0;3.0;14.0
esoxjem/MovieGuide;https://github.com/esoxjem/MovieGuide;Java;06/12/2015 08:40;5;2534;0;43976189;48658821;4053366;853061;4.0;1.0;3.0;12.0
wildfly/wildfly;https://github.com/wildfly/wildfly;Java;08/07/2010 20:46;10;2533;14;45355699;50212247;4223421;858551;4.0;1.0;3.0;12.0
jaydenxiao2016/AndroidFire;https://github.com/jaydenxiao2016/AndroidFire;Java;26/09/2016 09:42;4;2533;0;45365280;50224005;4225175;859084;3.0;1.0;3.0;13.0
ata4/disunity;https://github.com/ata4/disunity;Java;21/07/2013 08:09;7;2528;15;45372357;50232776;4226574;859388;3.0;1.0;5.0;24.0
AltBeacon/android-beacon-library;https://github.com/AltBeacon/android-beacon-library;Java;28/07/2014 13:11;6;2527;85;45389604;50252675;4228855;859914;4.0;1.0;6.0;31.0
LuckyJayce/ViewPagerIndicator;https://github.com/LuckyJayce/ViewPagerIndicator;Java;11/10/2014 15:28;6;2526;16;45391886;50255752;4229302;860281;3.5;1.0;4.0;22.5
jackpal/Android-Terminal-Emulator;https://github.com/jackpal/Android-Terminal-Emulator;Java;04/09/2010 13:48;10;2523;0;45413464;50281260;4232440;861114;3.0;1.0;4.0;18.0
facebookarchive/device-year-class;https://github.com/facebookarchive/device-year-class;Java;06/03/2015 20:06;6;2522;2;45415101;50283545;4232737;861475;3.0;1.0;4.0;35.0
EverythingMe/overscroll-decor;https://github.com/EverythingMe/overscroll-decor;Java;22/11/2015 11:44;5;2521;0;45419485;50289350;4233804;861854;3.0;1.0;3.0;13.5
Cleveroad/SlidingTutorial-Android;https://github.com/Cleveroad/SlidingTutorial-Android;Java;09/10/2015 14:10;5;2521;0;45425051;50296150;4234675;862311;5.0;1.0;4.0;17.5
yingLanNull/ShadowImageView;https://github.com/yingLanNull/ShadowImageView;Java;25/03/2017 09:42;3;2516;0;45426215;50297962;4234949;862698;4.0;1.0;3.0;11.0
apache/nifi;https://github.com/apache/nifi;Java;12/12/2014 08:00;6;2515;0;46510028;51567127;4411145;874097;3.0;1.0;5.0;20.5
